{"stats":{"minecraft:custom":{"minecraft:time_since_rest":2757,"minecraft:sprint_one_cm":34049,"minecraft:crouch_one_cm":349,"minecraft:play_time":29655,"minecraft:damage_taken":2540,"minecraft:deaths":9,"minecraft:walk_one_cm":38787,"minecraft:sneak_time":491,"minecraft:walk_under_water_one_cm":7114,"minecraft:drop":1,"minecraft:jump":261,"minecraft:damage_dealt":59,"minecraft:leave_game":3,"minecraft:walk_on_water_one_cm":3172,"minecraft:time_since_death":2714,"minecraft:total_world_time":29655,"minecraft:swim_one_cm":28110,"minecraft:fall_one_cm":6236,"minecraft:fly_one_cm":59586},"minecraft:picked_up":{"minecraft:bone":1,"minecraft:stick":4,"minecraft:gold_nugget":6,"alexsmobs:acacia_blossom":1,"minecraft:wheat_seeds":2,"minecraft:acacia_log":17,"alexscaves:cave_tablet":1,"minecraft:chest":1,"minecraft:coal":4,"minecraft:fishing_rod":1,"minecraft:wheat":2,"minecraft:acacia_sapling":7,"minecraft:dirt":1,"minecraft:egg":1},"minecraft:used":{"minecraft:dirt":1},"minecraft:mined":{"minecraft:tall_seagrass":1,"minecraft:grass":9,"minecraft:acacia_log":17,"minecraft:grass_block":1,"minecraft:chest":1,"minecraft:tall_grass":3},"minecraft:dropped":{"minecraft:egg":1},"minecraft:killed_by":{"realmrpg_demons:chort":1,"minecraft:skeleton":2,"undead_revamp2:thesomnolence":3,"undead_revamp2:thespitter":1,"minecraft:zombie":1,"undead_revamp2:theheavy":1}},"DataVersion":3465}