{"stats":{"minecraft:mined":{"minecraft:tall_seagrass":1,"biomesoplenty:lavender":1,"biomesoplenty:sea_oats":1,"minecraft:grass":16,"minecraft:bookshelf":2,"minecraft:acacia_log":33,"minecraft:grass_block":1,"minecraft:chest":1,"minecraft:tall_grass":6,"minecraft:oak_leaves":1},"minecraft:custom":{"minecraft:time_since_rest":2027,"minecraft:interact_with_furnace":1,"minecraft:sprint_one_cm":80014,"minecraft:damage_taken":3295,"minecraft:walk_one_cm":77681,"minecraft:drop":3,"minecraft:damage_dealt":74,"minecraft:traded_with_villager":15,"minecraft:talked_to_villager":5,"minecraft:swim_one_cm":40847,"minecraft:interact_with_crafting_table":1,"minecraft:fly_one_cm":130144,"minecraft:open_barrel":3,"minecraft:open_chest":27,"minecraft:crouch_one_cm":685,"minecraft:play_time":49149,"minecraft:deaths":12,"minecraft:sneak_time":561,"minecraft:walk_under_water_one_cm":10086,"minecraft:boat_one_cm":68805,"minecraft:jump":549,"minecraft:leave_game":3,"minecraft:walk_on_water_one_cm":5017,"minecraft:time_since_death":16388,"minecraft:sleep_in_bed":1,"minecraft:interact_with_smoker":1,"minecraft:climb_one_cm":750,"minecraft:total_world_time":49149,"minecraft:fall_one_cm":14398},"minecraft:crafted":{"minecraft:emerald":3,"minecraft:crafting_table":1,"minecraft:acacia_planks":12,"minecraft:bookshelf":12,"minecraft:air":0,"minecraft:acacia_boat":1},"minecraft:picked_up":{"biomesoplenty:lavender":1,"minecraft:fishing_rod":1,"minecraft:stick":9,"minecraft:wheat":2,"minecraft:water_bucket":1,"alexsmobs:acacia_blossom":1,"minecraft:acacia_log":33,"alexscaves:cave_tablet":1,"minecraft:porkchop":2,"minecraft:acacia_boat":1,"minecraft:dirt":1,"minecraft:bone":1,"minecraft:wheat_seeds":3,"minecraft:gold_nugget":6,"minecraft:oak_sapling":2,"minecraft:chest":1,"minecraft:coal":6,"minecraft:acacia_sapling":15,"minecraft:egg":1},"minecraft:dropped":{"minecraft:oak_sapling":2,"minecraft:egg":1},"minecraft:used":{"farmersdelight:rope":8,"minecraft:acacia_boat":1,"minecraft:leather_leggings":1,"minecraft:bookshelf":2,"minecraft:bread":3,"minecraft:iron_sword":1,"minecraft:dirt":1,"minecraft:carrot":6},"minecraft:killed_by":{"undead_revamp2:thesomnolence":5,"undead_revamp2:theheavy":1,"realmrpg_demons:chort":1,"minecraft:skeleton":2,"undead_revamp2:thespitter":1,"minecraft:zombie":1}},"DataVersion":3465}