{"stats":{"minecraft:mined":{"minecraft:tall_seagrass":1,"minecraft:grass":16,"minecraft:acacia_log":33,"minecraft:grass_block":1,"minecraft:chest":1,"minecraft:tall_grass":3,"minecraft:oak_leaves":1},"minecraft:custom":{"minecraft:time_since_rest":4777,"minecraft:sprint_one_cm":43293,"minecraft:damage_taken":3095,"minecraft:walk_one_cm":51439,"minecraft:drop":1,"minecraft:damage_dealt":74,"minecraft:swim_one_cm":28110,"minecraft:interact_with_crafting_table":1,"minecraft:fly_one_cm":77857,"minecraft:crouch_one_cm":544,"minecraft:play_time":37149,"minecraft:deaths":12,"minecraft:sneak_time":518,"minecraft:walk_under_water_one_cm":8013,"minecraft:jump":329,"minecraft:leave_game":3,"minecraft:walk_on_water_one_cm":3172,"minecraft:time_since_death":4388,"minecraft:total_world_time":37149,"minecraft:fall_one_cm":8881},"minecraft:crafted":{"minecraft:crafting_table":1,"minecraft:acacia_planks":12,"minecraft:acacia_boat":1},"minecraft:picked_up":{"minecraft:fishing_rod":1,"minecraft:stick":9,"minecraft:wheat":2,"alexsmobs:acacia_blossom":1,"minecraft:acacia_log":33,"alexscaves:cave_tablet":1,"minecraft:dirt":1,"minecraft:bone":1,"minecraft:wheat_seeds":2,"minecraft:gold_nugget":6,"minecraft:oak_sapling":2,"minecraft:chest":1,"minecraft:coal":4,"minecraft:acacia_sapling":15,"minecraft:egg":1},"minecraft:dropped":{"minecraft:egg":1},"minecraft:used":{"minecraft:dirt":1},"minecraft:killed_by":{"undead_revamp2:thesomnolence":5,"undead_revamp2:theheavy":1,"realmrpg_demons:chort":1,"minecraft:skeleton":2,"undead_revamp2:thespitter":1,"minecraft:zombie":1}},"DataVersion":3465}