{"stats":{"minecraft:mined":{"minecraft:acacia_log":33,"minecraft:grass_block":1,"minecraft:chest":1,"minecraft:tall_grass":6,"minecraft:tall_seagrass":1,"biomesoplenty:lavender":1,"gamma_beasts:palm_tree_log":29,"biomesoplenty:sea_oats":1,"minecraft:grass":17,"minecraft:bookshelf":7,"minecraft:cobweb":8,"minecraft:oak_leaves":1},"minecraft:custom":{"minecraft:interact_with_furnace":2,"minecraft:mob_kills":8,"minecraft:traded_with_villager":24,"minecraft:interact_with_crafting_table":4,"minecraft:open_barrel":3,"minecraft:leave_game":6,"minecraft:time_since_death":52818,"minecraft:sleep_in_bed":3,"minecraft:climb_one_cm":946,"minecraft:time_since_rest":7279,"minecraft:sprint_one_cm":127144,"minecraft:damage_taken":3555,"minecraft:walk_one_cm":139202,"minecraft:trigger_trapped_chest":2,"minecraft:drop":18,"minecraft:damage_dealt":1360,"minecraft:swim_one_cm":40847,"minecraft:talked_to_villager":15,"minecraft:fly_one_cm":196236,"minecraft:open_chest":34,"minecraft:crouch_one_cm":880,"minecraft:play_time":85579,"minecraft:deaths":12,"minecraft:sneak_time":661,"minecraft:walk_under_water_one_cm":10086,"minecraft:boat_one_cm":68805,"minecraft:jump":989,"minecraft:walk_on_water_one_cm":5017,"minecraft:interact_with_smoker":1,"minecraft:total_world_time":85579,"minecraft:fall_one_cm":29347},"minecraft:crafted":{"sophisticatedbackpacks:backpack":1,"minecraft:emerald":6,"minecraft:crafting_table":1,"minecraft:bookshelf":12,"minecraft:enchanted_book":6,"minecraft:air":0,"minecraft:acacia_boat":1,"minecraft:iron_axe":1,"minecraft:chest":1,"minecraft:acacia_planks":20},"minecraft:picked_up":{"biomesoplenty:lavender":2,"minecraft:fishing_rod":1,"minecraft:wheat":2,"minecraft:water_bucket":1,"minecraft:leather":6,"alexsmobs:acacia_blossom":1,"minecraft:potato":5,"alexscaves:cave_tablet":1,"minecraft:chainmail_chestplate":1,"minecraft:acacia_boat":1,"minecraft:dirt":1,"minecraft:string":12,"minecraft:bone":1,"minecraft:wheat_seeds":3,"minecraft:gold_nugget":6,"minecraft:chest":1,"minecraft:acacia_sapling":15,"minecraft:egg":1,"minecraft:book":21,"minecraft:stick":9,"gamma_beasts:coconut":8,"minecraft:torch":8,"minecraft:acacia_log":33,"gamma_beasts:palm_tree_log":18,"minecraft:porkchop":2,"minecraft:rotten_flesh":4,"minecraft:shears":1,"minecraft:oak_sapling":2,"minecraft:coal":6,"minecraft:cobblestone":23},"minecraft:dropped":{"minecraft:moss_block":2,"minecraft:porkchop":2,"minecraft:poisonous_potato":9,"biomesoplenty:lavender":2,"minecraft:cod":4,"minecraft:stick":3,"minecraft:emerald":3,"minecraft:potato":5,"minecraft:torch":1,"minecraft:oak_sapling":2,"minecraft:acacia_sapling":8,"farmersdelight:rope":7,"minecraft:string":8,"minecraft:dandelion":1,"minecraft:egg":1},"minecraft:used":{"minecraft:acacia_boat":1,"minecraft:leather_leggings":1,"minecraft:iron_sword":31,"minecraft:dirt":1,"minecraft:spyglass":11,"minecraft:crafting_table":1,"minecraft:carrot":6,"farmersdelight:rope":8,"minecraft:bookshelf":4,"minecraft:iron_axe":14,"minecraft:bread":7,"minecraft:beetroot_soup":1},"minecraft:killed_by":{"realmrpg_demons:chort":1,"minecraft:skeleton":2,"minecraft:zombie":1,"undead_revamp2:thesomnolence":5,"undead_revamp2:theheavy":1,"undead_revamp2:thespitter":1},"minecraft:killed":{"alexsmobs:raccoon":1,"minecraft:horse":2,"iceandfire:ghost":1,"alexsmobs:crow":1,"minecraft:cow":3}},"DataVersion":3465}