{"stats":{"minecraft:mined":{"minecraft:tall_seagrass":1,"biomesoplenty:lavender":1,"minecraft:grass":16,"biomesoplenty:sea_oats":1,"minecraft:acacia_log":33,"minecraft:bookshelf":7,"minecraft:grass_block":1,"minecraft:chest":1,"minecraft:tall_grass":6,"minecraft:oak_leaves":1},"minecraft:custom":{"minecraft:time_since_rest":9496,"minecraft:interact_with_furnace":1,"minecraft:sprint_one_cm":89064,"minecraft:damage_taken":3367,"minecraft:walk_one_cm":94670,"minecraft:trigger_trapped_chest":1,"minecraft:mob_kills":3,"minecraft:drop":8,"minecraft:damage_dealt":546,"minecraft:traded_with_villager":24,"minecraft:interact_with_crafting_table":2,"minecraft:swim_one_cm":40847,"minecraft:talked_to_villager":12,"minecraft:fly_one_cm":139717,"minecraft:open_barrel":3,"minecraft:open_chest":32,"minecraft:crouch_one_cm":711,"minecraft:play_time":56618,"minecraft:deaths":12,"minecraft:sneak_time":583,"minecraft:walk_under_water_one_cm":10086,"minecraft:boat_one_cm":68805,"minecraft:jump":597,"minecraft:leave_game":4,"minecraft:time_since_death":23857,"minecraft:walk_on_water_one_cm":5017,"minecraft:total_world_time":56618,"minecraft:sleep_in_bed":1,"minecraft:interact_with_smoker":1,"minecraft:climb_one_cm":750,"minecraft:fall_one_cm":15443},"minecraft:crafted":{"minecraft:emerald":6,"minecraft:iron_axe":1,"minecraft:crafting_table":1,"minecraft:acacia_planks":12,"minecraft:bookshelf":12,"minecraft:enchanted_book":6,"minecraft:air":0,"minecraft:acacia_boat":1},"minecraft:picked_up":{"minecraft:book":21,"biomesoplenty:lavender":1,"minecraft:fishing_rod":1,"minecraft:stick":9,"minecraft:wheat":2,"minecraft:water_bucket":1,"alexsmobs:acacia_blossom":1,"minecraft:acacia_log":33,"alexscaves:cave_tablet":1,"minecraft:porkchop":2,"minecraft:acacia_boat":1,"minecraft:dirt":1,"minecraft:bone":1,"minecraft:wheat_seeds":3,"minecraft:gold_nugget":6,"minecraft:oak_sapling":2,"minecraft:chest":1,"minecraft:acacia_sapling":15,"minecraft:coal":6,"minecraft:egg":1},"minecraft:dropped":{"minecraft:poisonous_potato":9,"minecraft:acacia_sapling":8,"minecraft:oak_sapling":2,"biomesoplenty:lavender":1,"minecraft:dandelion":1,"minecraft:stick":3,"minecraft:egg":1},"minecraft:used":{"minecraft:acacia_boat":1,"minecraft:leather_leggings":1,"minecraft:bookshelf":4,"minecraft:iron_axe":3,"minecraft:bread":3,"minecraft:iron_sword":10,"minecraft:dirt":1,"minecraft:crafting_table":1,"minecraft:carrot":6,"minecraft:beetroot_soup":1,"farmersdelight:rope":8},"minecraft:killed_by":{"undead_revamp2:thesomnolence":5,"undead_revamp2:theheavy":1,"realmrpg_demons:chort":1,"minecraft:skeleton":2,"undead_revamp2:thespitter":1,"minecraft:zombie":1},"minecraft:killed":{"iceandfire:ghost":1,"alexsmobs:raccoon":1,"alexsmobs:crow":1}},"DataVersion":3465}