{"stats":{"minecraft:crafted":{"minecraft:furnace":1,"spartanshields:iron_basic_shield":5,"mowziesmobs:umvuthana_mask_bliss":1,"minecraft:leather":5,"minecraft:stone_pickaxe":1,"moonsweaponry:stone_warglaive":1,"minecraft:chest":6,"moonsweaponry:stone_hammer":1,"moonsweaponry:iron_hammer":3,"moonsweaponry:stone_mace":3,"sophisticatedbackpacks:backpack":2,"minecraft:crafting_table":3,"gamma_beasts:sugarcane":23,"minecraft:wooden_pickaxe":1,"minecraft:iron_helmet":1,"minecraft:gold_block":20,"minecraft:bucket":2,"minecraft:stone_axe":2,"minecraft:air":0,"moonsweaponry:stone_scythe":3,"iceandfire:armor_copper_chestplate":1,"minecraft:iron_chestplate":1,"minecraft:diamond_pickaxe":1,"minecraft:stick":20,"minecraft:iron_ingot":36,"moonsweaponry:iron_mace":1,"minecraft:iron_block":19,"minecraft:gold_ingot":98,"spartanshields:wooden_basic_shield":5,"minecraft:white_bed":3,"minecraft:acacia_planks":116},"minecraft:killed":{"minecraft:cave_spider":1,"undead_revamp2:thehunter":1,"minecraft:spider":3,"undead_revamp2:axestrom":1,"undead_revamp2:bomber":1,"undead_revamp2:theswarmer":1,"minecraft:skeleton":24,"iceandfire:fire_dragon":1,"mowziesmobs:umvuthana_crane":54,"realmrpg_demons:chort":6,"undead_revamp2:thebidy":5,"iceandfire:deathworm":1,"minecraft:drowned":7,"undead_revamp2:thepregnant":1,"undead_revamp2:sucker":1,"gamma_beasts:diamond_golem_c":2,"mowziesmobs:umvuthana":72,"iceandfire:hippocampus":3,"minecraft:pig":6,"undead_revamp2:the_moonflower":7,"minecraft:creeper":1,"minecraft:sheep":18,"gamma_beasts:diamond_golem_a":2,"alexsmobs:catfish":1,"minecraft:pillager":22,"gamma_beasts:banndu_c":1,"undead_revamp2:thesomnolence":7,"minecraft:zombie":18,"iceandfire:ghost":3,"alexsmobs:terrapin":1,"cataclysm:deepling":1,"undead_revamp2:theskeeper":1,"iceandfire:lightning_dragon":1,"minecraft:enderman":1,"minecraft:cow":5,"mowziesmobs:naga":1},"minecraft:killed_by":{"undead_revamp2:theskeeper":1,"undead_revamp2:the_moonflower":3,"realmrpg_demons:chort":1,"minecraft:pillager":6,"gamma_beasts:banndu_a":12,"undead_revamp2:thesomnolence":5,"undead_revamp2:theswarmer":1,"mowziesmobs:umvuthi":30,"cataclysm:deepling":1,"mowziesmobs:umvuthana":5,"minecraft:skeleton":9,"iceandfire:lightning_dragon":15,"minecraft:zombie":2,"undead_revamp2:thesmoker":1,"iceandfire:ghost":1,"gamma_beasts:diamond_golem_a":7,"undead_revamp2:thepregnant":1,"undead_revamp2:theheavy":1,"undead_revamp2:thebeartamer":1,"iceandfire:fire_dragon":16},"minecraft:dropped":{"minecraft:wheat_seeds":7,"gamma_beasts:oak_leaf":2,"minecraft:glass_bottle":1,"gamma_beasts:coal_nugget":2,"gamma_beasts:acacia_leaf":3,"mowziesmobs:umvuthana_mask_faith":2,"minecraft:feather":5,"moonsweaponry:stone_hammer":1,"minecraft:cobweb":3,"minecraft:oxeye_daisy":1,"minecraft:stick":4,"minecraft:dirt":4,"biomesoplenty:orange_sand":5,"mowziesmobs:umvuthana_mask_bliss":1,"minecraft:rose_bush":13,"minecraft:chain":1,"minecraft:brown_terracotta":3,"moonsweaponry:iron_hammer":1,"undead_revamp2:blacpetalblock":1,"minecraft:dandelion":2,"minecraft:redstone":4,"minecraft:bone":4,"minecraft:dark_oak_door":1,"alexsmobs:acacia_blossom":8,"minecraft:cobbled_deepslate":1,"minecraft:deepslate":6,"alexscaves:cave_tablet":1,"minecraft:wheat":1,"minecraft:rotten_flesh":12,"gamma_beasts:kiwi":2,"minecraft:white_terracotta":3,"minecraft:azure_bluet":3,"iceandfire:crackled_gravel":5,"minecraft:red_terracotta":2,"minecraft:filled_map":2,"minecraft:poppy":57,"minecraft:orange_terracotta":2,"minecraft:melon_seeds":8,"minecraft:yellow_bed":1,"minecraft:spider_eye":1,"minecraft:slime_ball":1,"biomesoplenty:orange_sandstone":1,"minecraft:arrow":3,"minecraft:red_sand":1,"minecraft:wooden_pickaxe":1,"minecraft:egg":2,"minecraft:terracotta":10},"minecraft:mined":{"minecraft:white_bed":28,"minecraft:stripped_mangrove_log":2,"iceandfire:copper_pile":20,"biomesoplenty:desert_grass":1,"minecraft:dark_oak_fence":1,"minecraft:acacia_log":93,"minecraft:grass_block":6,"minecraft:mangrove_fence":1,"biomesoplenty:dried_salt":1,"minecraft:frosted_ice":10,"biomesoplenty:dune_grass":2,"minecraft:spawner":18,"minecraft:large_fern":1,"minecraft:furnace":3,"minecraft:iron_ore":10,"minecraft:fire":24,"minecraft:suspicious_sand":1,"gamma_beasts:acacia_hoja":33,"minecraft:vine":1,"iceandfire:gold_pile":72,"biomesoplenty:webbing":7,"minecraft:stripped_oak_log":1,"minecraft:stone":53,"biomesoplenty:spider_egg":2,"minecraft:acacia_leaves":1,"biomesoplenty:orange_sand":11,"biomesoplenty:wildflower":1,"gamma_beasts:acacia_hoja_1":4,"minecraft:crafting_table":17,"minecraft:dead_bush":1,"minecraft:poppy":3,"minecraft:chest":13,"minecraft:rose_bush":2,"minecraft:tall_grass":2,"minecraft:cobblestone":1,"minecraft:bricks":1,"minecraft:sugar_cane":24,"minecraft:skeleton_skull":1,"minecraft:birch_planks":1,"minecraft:coarse_dirt":6,"minecraft:yellow_bed":11,"minecraft:grass":56,"minecraft:coal_ore":5,"minecraft:sand":5,"minecraft:dirt":37,"minecraft:cobweb":1,"gamma_beasts:red_maple_log":81,"minecraft:oak_leaves":16},"minecraft:custom":{"minecraft:mob_kills":308,"minecraft:interact_with_crafting_table":35,"minecraft:open_barrel":20,"minecraft:damage_dealt_resisted":1238,"minecraft:leave_game":13,"minecraft:time_since_death":5145,"minecraft:climb_one_cm":4000,"minecraft:damage_resisted":78,"minecraft:sprint_one_cm":1062175,"minecraft:walk_one_cm":710637,"minecraft:damage_blocked_by_shield":4479,"minecraft:drop":93,"minecraft:damage_dealt_absorbed":80,"minecraft:play_time":314069,"minecraft:sneak_time":13525,"minecraft:deaths":128,"minecraft:walk_under_water_one_cm":97643,"minecraft:jump":6969,"minecraft:walk_on_water_one_cm":96839,"minecraft:total_world_time":314069,"minecraft:interact_with_furnace":7,"spartanshields:shield_bash_hits":6,"minecraft:interact_with_loom":8,"minecraft:interact_with_grindstone":1,"minecraft:sleep_in_bed":27,"minecraft:time_since_rest":5170,"minecraft:damage_absorbed":80,"minecraft:damage_taken":37795,"minecraft:trigger_trapped_chest":3,"minecraft:damage_dealt":64974,"minecraft:swim_one_cm":188260,"minecraft:fly_one_cm":1341415,"minecraft:open_chest":77,"minecraft:crouch_one_cm":33564,"minecraft:fall_one_cm":218282,"minecraft:inspect_dispenser":2},"minecraft:used":{"minecraft:acacia_log":1,"mowziesmobs:umvuthana_mask_misery":1,"mowziesmobs:umvuthana_mask_fear":3,"minecraft:poppy":3,"minecraft:chest":5,"moonsweaponry:iron_hammer":314,"minecraft:cooked_chicken":13,"minecraft:rotten_flesh":36,"minecraft:iron_chestplate":2,"moonsweaponry:iron_mace":225,"mowziesmobs:umvuthana_mask_bliss":1,"minecraft:dirt":29,"minecraft:bricks":1,"mowziesmobs:umvuthana_mask_faith":2,"biomesoplenty:orange_sand":11,"minecraft:iron_helmet":1,"minecraft:iron_boots":1,"mowziesmobs:umvuthana_mask_rage":1,"minecraft:beef":6,"spartanshields:iron_basic_shield":241,"gamma_beasts:sugarcane":8,"minecraft:furnace":1,"minecraft:egg":1,"moonsweaponry:stone_scythe":396,"minecraft:acacia_planks":9,"minecraft:iron_leggings":1,"minecraft:water_bucket":77,"moonsweaponry:stone_warglaive":50,"spartanshields:wooden_basic_shield":110,"minecraft:stone_pickaxe":76,"minecraft:wooden_pickaxe":6,"minecraft:golden_apple":2,"minecraft:terracotta":4,"minecraft:sand":1,"minecraft:crafting_table":17,"minecraft:white_bed":31,"biomesoplenty:wildflower":1,"moonsweaponry:stone_hammer":123,"gamma_beasts:kiwi":61,"minecraft:diamond_pickaxe":119,"minecraft:string":1,"minecraft:bread":18,"minecraft:red_terracotta":2,"minecraft:gravel":1,"minecraft:stone_axe":123,"minecraft:cobblestone":18,"minecraft:porkchop":3,"minecraft:bucket":79,"minecraft:yellow_bed":11,"gamma_beasts:meat":1,"minecraft:stripped_oak_log":1,"moonsweaponry:stone_mace":56},"minecraft:broken":{"mowziesmobs:umvuthana_mask_fear":2,"minecraft:iron_chestplate":1,"mowziesmobs:umvuthana_mask_rage":1,"moonsweaponry:iron_hammer":1,"spartanshields:wooden_basic_shield":1,"minecraft:stone_axe":1,"spartanshields:iron_basic_shield":1,"moonsweaponry:stone_scythe":3},"minecraft:picked_up":{"iceandfire:dragon_skull_lightning":3,"minecraft:crafting_table":17,"minecraft:wheat":8,"minecraft:azure_bluet":3,"gamma_beasts:fur":8,"minecraft:chain":2,"iceandfire:manuscript":7,"minecraft:string":13,"gamma_beasts:acacia_leaf":3,"minecraft:red_sand":1,"minecraft:gold_nugget":696,"minecraft:cobbled_deepslate":1,"minecraft:beef":11,"minecraft:rose_bush":15,"immersive_melodies:trumpet":1,"minecraft:poppy":89,"moonsweaponry:iron_hammer":1,"biomesoplenty:wildflower":1,"minecraft:sugar_cane":48,"minecraft:chest":13,"minecraft:furnace":3,"minecraft:egg":3,"minecraft:dark_oak_door":1,"iceandfire:dragonscales_green":24,"minecraft:raw_iron":10,"minecraft:stick":36,"iceandfire:dragonbone":60,"minecraft:brown_terracotta":3,"minecraft:copper_ingot":10,"minecraft:acacia_log":80,"minecraft:porkchop":10,"iceandfire:lightning_dragon_flesh":1,"iceandfire:crackled_gravel":5,"iceandfire:deathworm_chitin_white":1,"minecraft:redstone":4,"mowziesmobs:umvuthana_mask_faith":8,"minecraft:arrow":30,"minecraft:rotten_flesh":60,"biomesoplenty:orange_sandstone":1,"gamma_beasts:kiwi":67,"iceandfire:fire_dragon_heart":1,"mowziesmobs:umvuthana_mask_bliss":11,"gamma_beasts:coal_nugget":2,"sophisticatedbackpacks:copper_backpack":1,"minecraft:white_terracotta":3,"biomesoplenty:orange_sand":16,"minecraft:white_wool":18,"minecraft:mutton":27,"minecraft:skeleton_skull":1,"minecraft:cobblestone":141,"minecraft:oxeye_daisy":1,"minecraft:stripped_oak_log":1,"minecraft:feather":108,"minecraft:leather":5,"alexsmobs:acacia_blossom":8,"minecraft:birch_planks":1,"minecraft:flint":5,"gamma_beasts:green_apple":3,"gamma_beasts:oak_leaf":2,"minecraft:yellow_bed":12,"iceandfire:armor_copper_metal_helmet":2,"minecraft:dirt":42,"minecraft:orange_terracotta":2,"minecraft:bone":54,"minecraft:apple":1,"undead_revamp2:blacpetalblock":1,"mowziesmobs:umvuthana_mask_rage":3,"gamma_beasts:meat":3,"minecraft:wheat_seeds":10,"minecraft:cobweb":3,"minecraft:glass_bottle":1,"iceandfire:fire_dragon_flesh":1,"minecraft:acacia_sapling":38,"mowziesmobs:umvuthana_mask_misery":9,"iceandfire:copper_nugget":244,"iceandfire:shiny_scales":10,"iceandfire:dragon_skull_fire":1,"minecraft:dandelion":2,"minecraft:gravel":1,"minecraft:sand":1,"minecraft:amethyst_shard":1,"minecraft:white_bed":29,"iceandfire:lightning_dragon_heart":1,"minecraft:red_terracotta":4,"minecraft:spider_eye":1,"iceandfire:dragonscales_copper":22,"minecraft:slime_ball":7,"minecraft:deepslate":6,"minecraft:diamond":7,"minecraft:bread":1,"mowziesmobs:umvuthana_mask_fear":9,"minecraft:terracotta":14,"minecraft:melon_seeds":4,"minecraft:dark_oak_fence":1,"minecraft:bricks":1,"minecraft:coal":12}},"DataVersion":3465}