{"stats":{"minecraft:custom":{"minecraft:mob_kills":259,"minecraft:interact_with_crafting_table":19,"minecraft:open_barrel":14,"minecraft:damage_dealt_resisted":911,"minecraft:leave_game":11,"minecraft:time_since_death":1690,"minecraft:climb_one_cm":3774,"minecraft:damage_resisted":78,"minecraft:sprint_one_cm":507413,"minecraft:walk_one_cm":359487,"minecraft:damage_blocked_by_shield":2662,"minecraft:drop":33,"minecraft:play_time":144046,"minecraft:deaths":80,"minecraft:sneak_time":3423,"minecraft:walk_under_water_one_cm":45715,"minecraft:jump":3259,"minecraft:walk_on_water_one_cm":37528,"minecraft:total_world_time":144046,"minecraft:interact_with_furnace":7,"spartanshields:shield_bash_hits":6,"minecraft:sleep_in_bed":17,"minecraft:time_since_rest":1716,"minecraft:damage_absorbed":80,"minecraft:damage_taken":23651,"minecraft:trigger_trapped_chest":2,"minecraft:damage_dealt":47743,"minecraft:swim_one_cm":39638,"minecraft:fly_one_cm":498586,"minecraft:open_chest":38,"minecraft:crouch_one_cm":8427,"minecraft:fall_one_cm":88260,"minecraft:inspect_dispenser":2},"minecraft:picked_up":{"iceandfire:dragon_skull_lightning":1,"minecraft:crafting_table":8,"minecraft:wheat":7,"gamma_beasts:fur":5,"minecraft:string":11,"gamma_beasts:acacia_leaf":1,"minecraft:red_sand":1,"minecraft:beef":8,"minecraft:rose_bush":8,"immersive_melodies:trumpet":1,"minecraft:poppy":1,"minecraft:sugar_cane":5,"minecraft:furnace":3,"minecraft:egg":2,"minecraft:dark_oak_door":1,"minecraft:raw_iron":5,"minecraft:stick":28,"iceandfire:dragonbone":4,"minecraft:copper_ingot":1,"minecraft:acacia_log":76,"minecraft:porkchop":10,"mowziesmobs:umvuthana_mask_faith":8,"minecraft:arrow":25,"minecraft:rotten_flesh":55,"gamma_beasts:kiwi":35,"mowziesmobs:umvuthana_mask_bliss":11,"minecraft:mutton":8,"minecraft:cobblestone":53,"minecraft:white_wool":6,"minecraft:stripped_oak_log":1,"minecraft:feather":108,"minecraft:leather":5,"alexsmobs:acacia_blossom":8,"minecraft:birch_planks":1,"minecraft:yellow_bed":12,"minecraft:dirt":10,"minecraft:bone":38,"undead_revamp2:blacpetalblock":1,"minecraft:apple":1,"mowziesmobs:umvuthana_mask_rage":3,"gamma_beasts:meat":3,"minecraft:wheat_seeds":3,"mowziesmobs:umvuthana_mask_misery":9,"minecraft:acacia_sapling":38,"minecraft:white_bed":11,"minecraft:spider_eye":1,"minecraft:slime_ball":7,"minecraft:bread":1,"mowziesmobs:umvuthana_mask_fear":9,"minecraft:coal":6,"minecraft:dark_oak_fence":1,"minecraft:bricks":1},"minecraft:used":{"mowziesmobs:umvuthana_mask_misery":1,"mowziesmobs:umvuthana_mask_fear":3,"minecraft:chest":3,"moonsweaponry:iron_hammer":211,"minecraft:cooked_chicken":9,"minecraft:rotten_flesh":17,"minecraft:iron_chestplate":2,"moonsweaponry:iron_mace":91,"mowziesmobs:umvuthana_mask_bliss":1,"minecraft:bricks":1,"mowziesmobs:umvuthana_mask_faith":2,"minecraft:iron_boots":1,"mowziesmobs:umvuthana_mask_rage":1,"minecraft:beef":6,"spartanshields:iron_basic_shield":83,"minecraft:furnace":1,"minecraft:acacia_planks":9,"moonsweaponry:stone_scythe":396,"minecraft:iron_leggings":1,"moonsweaponry:stone_warglaive":50,"spartanshields:wooden_basic_shield":110,"minecraft:stone_pickaxe":76,"minecraft:wooden_pickaxe":6,"minecraft:golden_apple":2,"minecraft:crafting_table":8,"minecraft:white_bed":12,"moonsweaponry:stone_hammer":123,"gamma_beasts:kiwi":31,"minecraft:diamond_pickaxe":13,"minecraft:bread":11,"minecraft:string":1,"minecraft:stone_axe":47,"minecraft:porkchop":3,"minecraft:yellow_bed":11,"minecraft:stripped_oak_log":1,"moonsweaponry:stone_mace":56},"minecraft:killed":{"undead_revamp2:thehunter":1,"minecraft:spider":3,"undead_revamp2:theswarmer":1,"minecraft:skeleton":19,"mowziesmobs:umvuthana_crane":54,"realmrpg_demons:chort":5,"undead_revamp2:thebidy":5,"minecraft:drowned":7,"undead_revamp2:thepregnant":1,"undead_revamp2:sucker":1,"mowziesmobs:umvuthana":72,"minecraft:pig":6,"undead_revamp2:the_moonflower":5,"minecraft:sheep":6,"alexsmobs:catfish":1,"minecraft:pillager":21,"gamma_beasts:banndu_c":1,"undead_revamp2:thesomnolence":6,"minecraft:zombie":15,"iceandfire:ghost":2,"undead_revamp2:theskeeper":1,"minecraft:enderman":1,"minecraft:cow":4},"minecraft:mined":{"minecraft:white_bed":11,"minecraft:stripped_mangrove_log":2,"minecraft:dark_oak_fence":1,"minecraft:acacia_log":76,"minecraft:grass_block":5,"minecraft:mangrove_fence":1,"minecraft:large_fern":1,"minecraft:spawner":16,"minecraft:furnace":3,"minecraft:iron_ore":5,"gamma_beasts:acacia_hoja":17,"minecraft:stripped_oak_log":1,"minecraft:stone":53,"minecraft:crafting_table":8,"gamma_beasts:acacia_hoja_1":1,"minecraft:rose_bush":2,"minecraft:tall_grass":1,"minecraft:sugar_cane":3,"minecraft:bricks":1,"minecraft:skeleton_skull":1,"minecraft:birch_planks":1,"minecraft:coarse_dirt":6,"minecraft:yellow_bed":11,"minecraft:grass":43,"minecraft:dirt":6,"minecraft:cobweb":1,"gamma_beasts:red_maple_log":81,"minecraft:oak_leaves":14},"minecraft:crafted":{"minecraft:furnace":1,"spartanshields:iron_basic_shield":1,"mowziesmobs:umvuthana_mask_bliss":1,"minecraft:leather":5,"minecraft:stone_pickaxe":1,"moonsweaponry:stone_warglaive":1,"minecraft:chest":5,"moonsweaponry:stone_hammer":1,"moonsweaponry:iron_hammer":1,"moonsweaponry:stone_mace":3,"sophisticatedbackpacks:backpack":2,"minecraft:crafting_table":1,"minecraft:wooden_pickaxe":1,"minecraft:gold_block":5,"minecraft:stone_axe":2,"minecraft:air":0,"moonsweaponry:stone_scythe":3,"minecraft:iron_chestplate":1,"minecraft:diamond_pickaxe":1,"minecraft:stick":20,"minecraft:iron_ingot":8,"moonsweaponry:iron_mace":1,"minecraft:iron_block":7,"minecraft:gold_ingot":8,"spartanshields:wooden_basic_shield":2,"minecraft:white_bed":1,"minecraft:acacia_planks":80},"minecraft:dropped":{"minecraft:wheat_seeds":1,"gamma_beasts:acacia_leaf":1,"minecraft:feather":3,"mowziesmobs:umvuthana_mask_faith":2,"moonsweaponry:stone_hammer":1,"minecraft:dirt":1,"mowziesmobs:umvuthana_mask_bliss":1,"minecraft:rose_bush":8,"undead_revamp2:blacpetalblock":1,"minecraft:bone":1,"minecraft:dark_oak_door":1,"alexsmobs:acacia_blossom":8,"minecraft:wheat":1,"minecraft:rotten_flesh":10,"minecraft:poppy":1,"minecraft:yellow_bed":1,"minecraft:slime_ball":1,"minecraft:arrow":1,"minecraft:red_sand":1,"minecraft:wooden_pickaxe":1,"minecraft:egg":2},"minecraft:broken":{"mowziesmobs:umvuthana_mask_fear":1,"minecraft:iron_chestplate":1,"mowziesmobs:umvuthana_mask_rage":1,"spartanshields:wooden_basic_shield":1,"minecraft:stone_axe":1,"moonsweaponry:stone_scythe":3},"minecraft:killed_by":{"undead_revamp2:theskeeper":1,"undead_revamp2:the_moonflower":1,"minecraft:pillager":6,"gamma_beasts:banndu_a":12,"undead_revamp2:thesomnolence":5,"undead_revamp2:theswarmer":1,"mowziesmobs:umvuthi":30,"mowziesmobs:umvuthana":5,"minecraft:skeleton":9,"minecraft:zombie":2,"undead_revamp2:thesmoker":1,"iceandfire:ghost":1,"undead_revamp2:thepregnant":1,"undead_revamp2:theheavy":1}},"DataVersion":3465}