{"stats":{"minecraft:mined":{"minecraft:white_bed":48,"iceandfire:copper_pile":38,"alexscaves:azure_neodymium_pillar":73,"minecraft:stripped_crimson_hyphae":1,"minecraft:acacia_log":93,"minecraft:grass_block":8,"minecraft:mangrove_fence":1,"biomesoplenty:dried_salt":1,"minecraft:frosted_ice":21,"minecraft:spawner":19,"minecraft:iron_ore":10,"minecraft:fire":41,"alexscaves:scarlet_neodymium_node":15,"iceandfire:gold_pile":129,"biomesoplenty:webbing":7,"gamma_beasts:red_maple_leaves":11,"biomesoplenty:wildflower":1,"minecraft:poppy":3,"minecraft:chest":24,"minecraft:dead_bush":1,"minecraft:cobblestone":2,"minecraft:oak_planks":1,"minecraft:sugar_cane":77,"minecraft:bricks":1,"minecraft:skeleton_skull":1,"minecraft:grass":64,"minecraft:oak_log":161,"minecraft:sand":5,"minecraft:dirt":37,"gamma_beasts:red_maple_log":125,"minecraft:oak_leaves":28,"minecraft:stripped_mangrove_log":2,"biomesoplenty:desert_grass":1,"minecraft:dark_oak_log":13,"minecraft:dark_oak_fence":1,"iceandfire:chared_dirt":1,"biomesoplenty:dune_grass":2,"alexscaves:galena":7,"minecraft:large_fern":1,"minecraft:furnace":4,"alexscaves:energized_galena_azure":2,"gamma_beasts:prehnite_ore":2,"minecraft:suspicious_sand":1,"gamma_beasts:acacia_hoja":33,"minecraft:vine":1,"minecraft:stripped_oak_log":1,"minecraft:bamboo":6,"biomesoplenty:spider_egg":2,"minecraft:stone":53,"minecraft:bone_block":52,"minecraft:podzol":1,"minecraft:acacia_leaves":1,"biomesoplenty:orange_sand":11,"alexscaves:azure_neodymium_node":7,"biomesoplenty:black_sand":1,"minecraft:crafting_table":21,"gamma_beasts:acacia_hoja_1":4,"minecraft:rose_bush":2,"minecraft:tall_grass":4,"biomesoplenty:sprout":4,"farmersdelight:wild_tomatoes":1,"minecraft:birch_planks":1,"minecraft:coarse_dirt":6,"minecraft:yellow_bed":11,"minecraft:coal_ore":5,"minecraft:cobweb":1,"alexscaves:scarlet_neodymium_pillar":74,"minecraft:fern":6},"minecraft:custom":{"minecraft:interact_with_crafting_table":56,"minecraft:open_barrel":29,"minecraft:leave_game":29,"minecraft:time_since_death":49927,"minecraft:damage_resisted":78,"minecraft:sprint_one_cm":1596162,"minecraft:damage_blocked_by_shield":6246,"minecraft:drop":127,"minecraft:play_time":448752,"minecraft:deaths":134,"minecraft:jump":11116,"minecraft:walk_on_water_one_cm":188786,"minecraft:interact_with_furnace":12,"minecraft:interact_with_loom":8,"minecraft:sleep_in_bed":37,"minecraft:damage_dealt":85472,"minecraft:crouch_one_cm":54119,"minecraft:inspect_dispenser":2,"minecraft:mob_kills":367,"minecraft:damage_dealt_resisted":1270,"minecraft:climb_one_cm":4962,"minecraft:walk_one_cm":961352,"minecraft:damage_dealt_absorbed":80,"minecraft:sneak_time":18934,"minecraft:walk_under_water_one_cm":149175,"minecraft:total_world_time":448752,"spartanshields:shield_bash_hits":6,"minecraft:interact_with_grindstone":1,"minecraft:time_since_rest":6112,"minecraft:damage_absorbed":80,"minecraft:damage_taken":42343,"minecraft:trigger_trapped_chest":3,"minecraft:swim_one_cm":307718,"minecraft:fly_one_cm":2223622,"minecraft:open_chest":92,"minecraft:fall_one_cm":327981},"minecraft:crafted":{"spartanshields:iron_basic_shield":5,"iceandfire:tide_purple_helmet":1,"mowziesmobs:umvuthana_mask_bliss":1,"sophisticatedbackpacks:copper_backpack":3,"minecraft:chest":6,"moonsweaponry:stone_hammer":1,"moonsweaponry:iron_hammer":4,"moonsweaponry:stone_mace":3,"sophisticatedbackpacks:backpack":3,"minecraft:crafting_table":3,"gamma_beasts:sugarcane":23,"minecraft:wooden_pickaxe":1,"minecraft:iron_helmet":1,"minecraft:copper_ingot":33,"minecraft:gold_block":30,"iceandfire:armor_copper_chestplate":1,"minecraft:iron_chestplate":1,"minecraft:diamond_pickaxe":1,"minecraft:stick":20,"minecraft:iron_ingot":39,"minecraft:iron_block":25,"minecraft:gold_ingot":171,"spartanshields:wooden_basic_shield":5,"iceandfire:armor_copper_helmet":1,"iceandfire:armor_green_leggings":1,"minecraft:furnace":1,"minecraft:leather":9,"minecraft:iron_axe":1,"minecraft:stone_pickaxe":1,"moonsweaponry:stone_warglaive":1,"sophisticatedbackpacks:iron_backpack":4,"minecraft:bucket":2,"minecraft:stone_axe":2,"minecraft:bread":16,"minecraft:air":0,"moonsweaponry:stone_scythe":3,"moonsweaponry:iron_mace":1,"minecraft:white_bed":3,"minecraft:acacia_planks":116,"minecraft:torch":16,"iceandfire:armor_green_boots":1},"minecraft:picked_up":{"iceandfire:deathworm_egg":2,"minecraft:iron_chestplate":1,"minecraft:wheat":8,"gamma_beasts:fur":11,"iceandfire:manuscript":18,"minecraft:string":13,"minecraft:iron_leggings":1,"minecraft:experience_bottle":2,"minecraft:red_sand":1,"minecraft:gold_nugget":1351,"minecraft:cobbled_deepslate":1,"minecraft:rose_bush":15,"minecraft:furnace":4,"minecraft:iron_boots":1,"minecraft:dark_oak_door":1,"moonsweaponry:iron_hammer":1,"minecraft:stick":36,"minecraft:big_dripleaf":1,"minecraft:brown_terracotta":3,"alexscaves:raw_azure_neodymium":106,"minecraft:acacia_log":80,"minecraft:porkchop":10,"iceandfire:lightning_dragon_flesh":3,"iceandfire:crackled_gravel":8,"undead_revamp2:cloogerribs":45,"iceandfire:lightning_lily":4,"minecraft:cactus":6,"minecraft:rotten_flesh":90,"iceandfire:deathworm_chitin_yellow":2,"gamma_beasts:kiwi":67,"iceandfire:fire_dragon_heart":2,"alexsmobs:emu_egg":1,"gamma_beasts:coal_nugget":2,"minecraft:white_terracotta":3,"minecraft:cobblestone":142,"minecraft:feather":113,"biomesoplenty:dried_salt":1,"gamma_beasts:prehnite":2,"minecraft:flint":5,"gamma_beasts:oak_leaf":2,"farmersdelight:tomato":1,"minecraft:dirt":59,"alexscaves:galena":9,"minecraft:bone":90,"undead_revamp2:blacpetalblock":1,"minecraft:wheat_seeds":17,"minecraft:bamboo":57,"minecraft:oak_planks":1,"iceandfire:dragonscales_amythest":26,"iceandfire:dragon_skull_fire":2,"iceandfire:shiny_scales":10,"minecraft:sand":4,"sophisticatedbackpacks:iron_backpack":1,"iceandfire:lightning_dragon_heart":3,"minecraft:dark_oak_log":5,"minecraft:red_terracotta":4,"minecraft:diamond":7,"minecraft:deepslate":6,"minecraft:emerald":1,"minecraft:bread":2,"minecraft:oak_sapling":1,"minecraft:dark_oak_fence":1,"minecraft:bricks":1,"alexscaves:raw_scarlet_neodymium":85,"iceandfire:dragon_skull_lightning":4,"minecraft:cocoa_beans":3,"minecraft:coarse_dirt":6,"minecraft:crafting_table":21,"minecraft:azure_bluet":3,"minecraft:chain":5,"minecraft:moss_carpet":7,"gamma_beasts:acacia_leaf":3,"biomesoplenty:black_sand":1,"minecraft:beef":13,"immersive_melodies:trumpet":1,"gamma_beasts:red_maple_log":44,"minecraft:poppy":90,"biomesoplenty:wildflower":1,"minecraft:sugar_cane":164,"minecraft:chest":24,"minecraft:egg":3,"minecraft:stripped_crimson_hyphae":1,"minecraft:raw_iron":10,"iceandfire:dragonbone":76,"iceandfire:dragonscales_green":26,"iceandfire:deathworm_chitin_red":7,"minecraft:copper_ingot":11,"biomesoplenty:wilted_lily":2,"farmersdelight:tomato_seeds":1,"iceandfire:deathworm_chitin_white":13,"minecraft:redstone":4,"mowziesmobs:umvuthana_mask_faith":8,"minecraft:arrow":34,"iceandfire:sea_serpent_scales_purple":14,"biomesoplenty:orange_sandstone":1,"mowziesmobs:umvuthana_mask_bliss":11,"minecraft:gold_ingot":12,"sophisticatedbackpacks:copper_backpack":1,"minecraft:mutton":27,"minecraft:bone_block":51,"biomesoplenty:orange_sand":16,"minecraft:skeleton_skull":1,"minecraft:white_wool":18,"minecraft:oxeye_daisy":1,"minecraft:stripped_oak_log":1,"iceandfire:sea_serpent_fang":7,"minecraft:leather":57,"alexsmobs:acacia_blossom":8,"minecraft:birch_planks":1,"minecraft:oak_log":7,"gamma_beasts:green_apple":3,"minecraft:yellow_bed":12,"iceandfire:armor_copper_metal_helmet":2,"minecraft:orange_terracotta":2,"minecraft:apple":2,"mowziesmobs:umvuthana_mask_rage":3,"gamma_beasts:meat":5,"minecraft:iron_ingot":34,"minecraft:cobweb":20,"minecraft:glass_bottle":1,"mowziesmobs:umvuthana_mask_misery":9,"iceandfire:fire_dragon_flesh":4,"minecraft:acacia_sapling":38,"minecraft:book":4,"iceandfire:copper_nugget":422,"iceandfire:ash":3,"minecraft:dandelion":2,"minecraft:gravel":1,"minecraft:amethyst_shard":1,"minecraft:white_bed":49,"minecraft:spider_eye":1,"alexscaves:telecore":1,"gamma_beasts:red_maple_sapling":1,"iceandfire:dragonscales_copper":22,"mowziesmobs:naga_fang":1,"minecraft:slime_ball":7,"minecraft:iron_helmet":2,"alexscaves:azure_neodymium_pillar":64,"alexscaves:scarlet_neodymium_pillar":64,"gamma_beasts:salmon_steak":2,"mowziesmobs:umvuthana_mask_fear":9,"minecraft:terracotta":14,"minecraft:melon_seeds":4,"minecraft:coal":12},"minecraft:dropped":{"moonsweaponry:iron_mace":1,"sophisticatedbackpacks:iron_backpack":1,"minecraft:glass_bottle":1,"gamma_beasts:acacia_leaf":3,"mowziesmobs:umvuthana_mask_faith":3,"biomesoplenty:black_sand":1,"minecraft:dirt":8,"mowziesmobs:umvuthana_mask_bliss":1,"minecraft:chain":1,"biomesoplenty:wilted_lily":2,"iceandfire:ash":3,"minecraft:sand":3,"undead_revamp2:blacpetalblock":1,"moonsweaponry:iron_hammer":1,"minecraft:bone":4,"minecraft:dark_oak_door":1,"minecraft:cobbled_deepslate":1,"alexscaves:cave_tablet":1,"minecraft:wheat":2,"minecraft:rotten_flesh":12,"gamma_beasts:kiwi":2,"minecraft:azure_bluet":3,"gamma_beasts:red_maple_sapling":1,"iceandfire:crackled_gravel":8,"minecraft:poppy":58,"minecraft:melon_seeds":8,"minecraft:arrow":4,"minecraft:egg":2,"farmersdelight:tomato_seeds":1,"minecraft:water_bucket":1,"moonsweaponry:stone_mace":2,"minecraft:wheat_seeds":13,"gamma_beasts:oak_leaf":2,"gamma_beasts:coal_nugget":2,"minecraft:feather":7,"moonsweaponry:stone_hammer":1,"minecraft:copper_ingot":1,"minecraft:stick":4,"minecraft:oxeye_daisy":1,"minecraft:cobweb":3,"biomesoplenty:orange_sand":5,"iceandfire:copper_nugget":10,"iceandfire:lightning_lily":4,"minecraft:rose_bush":13,"minecraft:brown_terracotta":3,"minecraft:cactus":6,"minecraft:redstone":4,"minecraft:dandelion":2,"biomesoplenty:dried_salt":1,"minecraft:moss_carpet":7,"alexsmobs:acacia_blossom":8,"iceandfire:lightning_dragon_heart":1,"minecraft:cocoa_beans":3,"minecraft:deepslate":6,"minecraft:white_terracotta":3,"minecraft:red_terracotta":2,"minecraft:filled_map":2,"minecraft:big_dripleaf":1,"minecraft:orange_terracotta":2,"iceandfire:dragonscales_amythest":5,"minecraft:yellow_bed":1,"minecraft:oak_sapling":1,"minecraft:spider_eye":1,"biomesoplenty:orange_sandstone":1,"minecraft:slime_ball":1,"minecraft:red_sand":1,"minecraft:wooden_pickaxe":1,"farmersdelight:tomato":1,"minecraft:terracotta":10},"minecraft:used":{"mowziesmobs:umvuthana_mask_fear":3,"minecraft:poppy":3,"minecraft:chest":5,"moonsweaponry:iron_hammer":654,"minecraft:rotten_flesh":70,"minecraft:iron_chestplate":2,"moonsweaponry:iron_mace":225,"mowziesmobs:umvuthana_mask_bliss":1,"minecraft:milk_bucket":2,"minecraft:lava_bucket":2,"minecraft:bricks":1,"mowziesmobs:umvuthana_mask_faith":2,"minecraft:iron_helmet":1,"mowziesmobs:umvuthana_mask_rage":1,"spartanshields:iron_basic_shield":347,"gamma_beasts:sugarcane":21,"minecraft:furnace":2,"minecraft:egg":1,"minecraft:stone_pickaxe":76,"minecraft:wooden_pickaxe":6,"minecraft:golden_apple":2,"minecraft:sand":1,"moonsweaponry:stone_hammer":123,"gamma_beasts:kiwi":61,"minecraft:string":1,"minecraft:bread":44,"minecraft:red_terracotta":2,"minecraft:gravel":1,"moonsweaponry:stone_mace":56,"minecraft:acacia_log":1,"mowziesmobs:umvuthana_mask_misery":1,"gamma_beasts:green_apple":3,"minecraft:cooked_chicken":13,"minecraft:torch":14,"minecraft:dirt":29,"minecraft:iron_axe":3,"biomesoplenty:orange_sand":11,"minecraft:iron_boots":1,"minecraft:golden_carrot":4,"minecraft:beef":8,"moonsweaponry:stone_scythe":396,"minecraft:acacia_planks":9,"minecraft:iron_leggings":2,"minecraft:water_bucket":175,"moonsweaponry:stone_warglaive":50,"spartanshields:wooden_basic_shield":110,"minecraft:terracotta":4,"minecraft:crafting_table":21,"minecraft:white_bed":52,"biomesoplenty:wildflower":1,"minecraft:diamond_pickaxe":430,"minecraft:stone_axe":202,"minecraft:cobblestone":40,"minecraft:stripped_crimson_hyphae":1,"minecraft:porkchop":3,"minecraft:bucket":181,"gamma_beasts:meat":5,"minecraft:yellow_bed":11,"minecraft:stripped_oak_log":1},"minecraft:broken":{"mowziesmobs:umvuthana_mask_fear":2,"minecraft:iron_chestplate":1,"mowziesmobs:umvuthana_mask_rage":1,"moonsweaponry:iron_hammer":1,"spartanshields:wooden_basic_shield":1,"minecraft:stone_axe":3,"spartanshields:iron_basic_shield":2,"moonsweaponry:stone_scythe":3},"minecraft:killed_by":{"undead_revamp2:theskeeper":1,"undead_revamp2:the_moonflower":3,"minecraft:pillager":6,"gamma_beasts:banndu_a":12,"iceandfire:sea_serpent":2,"mowziesmobs:umvuthi":30,"cataclysm:deepling":1,"mowziesmobs:umvuthana":5,"minecraft:zombie":2,"undead_revamp2:thesmoker":1,"gamma_beasts:diamond_golem_a":7,"undead_revamp2:thepregnant":1,"undead_revamp2:theheavy":1,"iceandfire:fire_dragon":17,"realmrpg_demons:chort":1,"undead_revamp2:thesomnolence":5,"undead_revamp2:theswarmer":1,"gamma_beasts:molluto_a":1,"minecraft:skeleton":9,"iceandfire:lightning_dragon":15,"iceandfire:ghost":1,"undead_revamp2:thebeartamer":1},"minecraft:killed":{"minecraft:cave_spider":1,"iceandfire:hippogryph":1,"minecraft:spider":3,"undead_revamp2:axestrom":1,"undead_revamp2:thesmoker":1,"undead_revamp2:theswarmer":1,"minecraft:skeleton":28,"undead_revamp2:deadclogger":1,"gamma_beasts:shecko_a":1,"mowziesmobs:umvuthana_crane":54,"realmrpg_demons:chort":10,"undead_revamp2:therod":1,"undead_revamp2:thepregnant":1,"gamma_beasts:diamond_golem_c":2,"gamma_beasts:muba_c":1,"alexscaves:teletor":1,"minecraft:pig":6,"minecraft:creeper":1,"minecraft:sheep":18,"minecraft:pillager":30,"gamma_beasts:banndu_c":1,"minecraft:zombie":21,"alexsmobs:terrapin":1,"cataclysm:deepling":1,"gamma_beasts:shecko_c":1,"undead_revamp2:theskeeper":1,"iceandfire:lightning_dragon":2,"mowziesmobs:umvuthana_raptor":1,"gamma_beasts:sppinto_c":1,"iceandfire:sea_serpent":1,"minecraft:cow":7,"mowziesmobs:naga":2,"undead_revamp2:thehunter":1,"minecraft:vindicator":2,"alexsmobs:seagull":1,"undead_revamp2:bomber":1,"alexsmobs:gorilla":7,"gamma_beasts:sppinto_a":1,"iceandfire:fire_dragon":2,"undead_revamp2:thebidy":5,"minecraft:drowned":7,"iceandfire:deathworm":5,"undead_revamp2:sucker":2,"mowziesmobs:umvuthana":72,"iceandfire:hippocampus":3,"undead_revamp2:the_moonflower":7,"mowziesmobs:umvuthana_follower_raptor":4,"gamma_beasts:diamond_golem_a":2,"alexsmobs:catfish":1,"undead_revamp2:thesomnolence":7,"iceandfire:ghost":3,"gamma_beasts:muba_a":1,"minecraft:enderman":2}},"DataVersion":3465}