{"stats":{"minecraft:dropped":{"minecraft:wheat_seeds":4,"gamma_beasts:oak_leaf":2,"minecraft:glass_bottle":1,"gamma_beasts:coal_nugget":2,"gamma_beasts:acacia_leaf":3,"mowziesmobs:umvuthana_mask_faith":2,"minecraft:feather":5,"moonsweaponry:stone_hammer":1,"minecraft:oxeye_daisy":1,"minecraft:dirt":1,"mowziesmobs:umvuthana_mask_bliss":1,"minecraft:rose_bush":8,"minecraft:brown_terracotta":3,"undead_revamp2:blacpetalblock":1,"minecraft:dandelion":2,"minecraft:redstone":4,"minecraft:bone":2,"minecraft:dark_oak_door":1,"alexsmobs:acacia_blossom":8,"minecraft:cobbled_deepslate":1,"minecraft:deepslate":6,"minecraft:wheat":1,"minecraft:rotten_flesh":10,"gamma_beasts:kiwi":2,"minecraft:azure_bluet":3,"minecraft:white_terracotta":3,"iceandfire:crackled_gravel":5,"minecraft:red_terracotta":2,"minecraft:poppy":3,"minecraft:orange_terracotta":2,"minecraft:melon_seeds":8,"minecraft:yellow_bed":1,"minecraft:spider_eye":1,"minecraft:slime_ball":1,"minecraft:arrow":2,"minecraft:red_sand":1,"minecraft:wooden_pickaxe":1,"minecraft:egg":2,"minecraft:terracotta":10},"minecraft:killed":{"undead_revamp2:thehunter":1,"minecraft:spider":3,"undead_revamp2:bomber":1,"undead_revamp2:theswarmer":1,"minecraft:skeleton":23,"mowziesmobs:umvuthana_crane":54,"realmrpg_demons:chort":6,"undead_revamp2:thebidy":5,"minecraft:drowned":7,"undead_revamp2:thepregnant":1,"undead_revamp2:sucker":1,"gamma_beasts:diamond_golem_c":2,"mowziesmobs:umvuthana":72,"minecraft:pig":6,"undead_revamp2:the_moonflower":6,"minecraft:creeper":1,"minecraft:sheep":6,"gamma_beasts:diamond_golem_a":2,"alexsmobs:catfish":1,"minecraft:pillager":22,"gamma_beasts:banndu_c":1,"undead_revamp2:thesomnolence":7,"minecraft:zombie":17,"iceandfire:ghost":2,"alexsmobs:terrapin":1,"undead_revamp2:theskeeper":1,"iceandfire:lightning_dragon":1,"minecraft:enderman":1,"minecraft:cow":4},"minecraft:custom":{"minecraft:mob_kills":280,"minecraft:interact_with_crafting_table":27,"minecraft:open_barrel":16,"minecraft:damage_dealt_resisted":1238,"minecraft:leave_game":12,"minecraft:time_since_death":9651,"minecraft:climb_one_cm":3774,"minecraft:damage_resisted":78,"minecraft:sprint_one_cm":670384,"minecraft:walk_one_cm":506085,"minecraft:damage_blocked_by_shield":3695,"minecraft:drop":63,"minecraft:damage_dealt_absorbed":80,"minecraft:play_time":190369,"minecraft:deaths":105,"minecraft:sneak_time":4771,"minecraft:walk_under_water_one_cm":56042,"minecraft:jump":4521,"minecraft:walk_on_water_one_cm":54650,"minecraft:total_world_time":190369,"minecraft:interact_with_furnace":7,"spartanshields:shield_bash_hits":6,"minecraft:sleep_in_bed":18,"minecraft:time_since_rest":9675,"minecraft:damage_absorbed":80,"minecraft:damage_taken":31157,"minecraft:trigger_trapped_chest":2,"minecraft:damage_dealt":58050,"minecraft:swim_one_cm":75383,"minecraft:fly_one_cm":819528,"minecraft:open_chest":57,"minecraft:crouch_one_cm":14558,"minecraft:fall_one_cm":149568,"minecraft:inspect_dispenser":2},"minecraft:crafted":{"minecraft:furnace":1,"spartanshields:iron_basic_shield":2,"mowziesmobs:umvuthana_mask_bliss":1,"minecraft:leather":5,"minecraft:stone_pickaxe":1,"moonsweaponry:stone_warglaive":1,"minecraft:chest":6,"moonsweaponry:stone_hammer":1,"moonsweaponry:iron_hammer":1,"moonsweaponry:stone_mace":3,"sophisticatedbackpacks:backpack":2,"minecraft:crafting_table":1,"gamma_beasts:sugarcane":2,"minecraft:iron_helmet":1,"minecraft:wooden_pickaxe":1,"minecraft:gold_block":10,"minecraft:bucket":2,"minecraft:stone_axe":2,"minecraft:air":0,"moonsweaponry:stone_scythe":3,"iceandfire:armor_copper_chestplate":1,"minecraft:iron_chestplate":1,"minecraft:diamond_pickaxe":1,"minecraft:stick":20,"minecraft:iron_ingot":30,"moonsweaponry:iron_mace":1,"minecraft:iron_block":19,"minecraft:gold_ingot":21,"spartanshields:wooden_basic_shield":3,"minecraft:white_bed":1,"minecraft:acacia_planks":92},"minecraft:used":{"mowziesmobs:umvuthana_mask_misery":1,"mowziesmobs:umvuthana_mask_fear":3,"minecraft:chest":4,"moonsweaponry:iron_hammer":252,"minecraft:cooked_chicken":9,"minecraft:rotten_flesh":22,"minecraft:iron_chestplate":2,"moonsweaponry:iron_mace":222,"mowziesmobs:umvuthana_mask_bliss":1,"minecraft:bricks":1,"mowziesmobs:umvuthana_mask_faith":2,"minecraft:iron_helmet":1,"minecraft:iron_boots":1,"mowziesmobs:umvuthana_mask_rage":1,"minecraft:beef":6,"spartanshields:iron_basic_shield":175,"gamma_beasts:sugarcane":2,"minecraft:furnace":1,"moonsweaponry:stone_scythe":396,"minecraft:acacia_planks":9,"minecraft:iron_leggings":1,"minecraft:water_bucket":14,"moonsweaponry:stone_warglaive":50,"spartanshields:wooden_basic_shield":110,"minecraft:stone_pickaxe":76,"minecraft:wooden_pickaxe":6,"minecraft:golden_apple":2,"minecraft:terracotta":4,"minecraft:crafting_table":11,"minecraft:white_bed":17,"moonsweaponry:stone_hammer":123,"gamma_beasts:kiwi":57,"minecraft:diamond_pickaxe":42,"minecraft:string":1,"minecraft:bread":14,"minecraft:red_terracotta":2,"minecraft:gravel":1,"minecraft:stone_axe":76,"minecraft:cobblestone":18,"minecraft:porkchop":3,"minecraft:bucket":16,"minecraft:yellow_bed":11,"minecraft:stripped_oak_log":1,"moonsweaponry:stone_mace":56},"minecraft:killed_by":{"undead_revamp2:theskeeper":1,"undead_revamp2:the_moonflower":1,"minecraft:pillager":6,"gamma_beasts:banndu_a":12,"undead_revamp2:thesomnolence":5,"undead_revamp2:theswarmer":1,"mowziesmobs:umvuthi":30,"mowziesmobs:umvuthana":5,"minecraft:skeleton":9,"iceandfire:lightning_dragon":15,"minecraft:zombie":2,"undead_revamp2:thesmoker":1,"iceandfire:ghost":1,"gamma_beasts:diamond_golem_a":7,"undead_revamp2:thepregnant":1,"undead_revamp2:theheavy":1,"undead_revamp2:thebeartamer":1},"minecraft:mined":{"minecraft:white_bed":17,"minecraft:stripped_mangrove_log":2,"iceandfire:copper_pile":20,"minecraft:dark_oak_fence":1,"minecraft:acacia_log":84,"minecraft:grass_block":5,"minecraft:mangrove_fence":1,"minecraft:spawner":18,"minecraft:large_fern":1,"minecraft:furnace":3,"minecraft:iron_ore":5,"gamma_beasts:acacia_hoja":33,"minecraft:stripped_oak_log":1,"minecraft:stone":53,"minecraft:crafting_table":11,"gamma_beasts:acacia_hoja_1":4,"minecraft:chest":8,"minecraft:rose_bush":2,"minecraft:tall_grass":1,"minecraft:cobblestone":1,"minecraft:sugar_cane":3,"minecraft:bricks":1,"minecraft:skeleton_skull":1,"minecraft:birch_planks":1,"minecraft:coarse_dirt":6,"minecraft:yellow_bed":11,"minecraft:grass":46,"minecraft:coal_ore":5,"minecraft:dirt":6,"minecraft:cobweb":1,"gamma_beasts:red_maple_log":81,"minecraft:oak_leaves":16},"minecraft:picked_up":{"iceandfire:dragon_skull_lightning":2,"minecraft:crafting_table":11,"minecraft:wheat":8,"minecraft:azure_bluet":3,"gamma_beasts:fur":8,"minecraft:chain":1,"minecraft:string":13,"gamma_beasts:acacia_leaf":3,"minecraft:red_sand":1,"minecraft:cobbled_deepslate":1,"minecraft:beef":8,"minecraft:rose_bush":8,"immersive_melodies:trumpet":1,"minecraft:poppy":3,"minecraft:sugar_cane":5,"minecraft:chest":8,"minecraft:furnace":3,"minecraft:egg":2,"minecraft:dark_oak_door":1,"minecraft:stick":32,"minecraft:raw_iron":5,"iceandfire:dragonbone":18,"minecraft:brown_terracotta":3,"minecraft:copper_ingot":10,"minecraft:acacia_log":76,"minecraft:porkchop":10,"iceandfire:lightning_dragon_flesh":1,"iceandfire:crackled_gravel":5,"minecraft:redstone":4,"mowziesmobs:umvuthana_mask_faith":8,"minecraft:arrow":29,"minecraft:rotten_flesh":57,"gamma_beasts:kiwi":67,"gamma_beasts:coal_nugget":2,"mowziesmobs:umvuthana_mask_bliss":11,"sophisticatedbackpacks:copper_backpack":1,"minecraft:white_terracotta":3,"minecraft:mutton":8,"minecraft:white_wool":6,"minecraft:cobblestone":141,"minecraft:oxeye_daisy":1,"minecraft:stripped_oak_log":1,"minecraft:feather":108,"minecraft:leather":5,"alexsmobs:acacia_blossom":8,"minecraft:birch_planks":1,"minecraft:flint":5,"gamma_beasts:green_apple":3,"gamma_beasts:oak_leaf":2,"minecraft:yellow_bed":12,"iceandfire:armor_copper_metal_helmet":2,"minecraft:dirt":10,"minecraft:orange_terracotta":2,"minecraft:bone":46,"mowziesmobs:umvuthana_mask_rage":3,"minecraft:apple":1,"undead_revamp2:blacpetalblock":1,"minecraft:wheat_seeds":7,"gamma_beasts:meat":3,"minecraft:glass_bottle":1,"minecraft:acacia_sapling":38,"mowziesmobs:umvuthana_mask_misery":9,"iceandfire:copper_nugget":244,"minecraft:dandelion":2,"minecraft:gravel":1,"minecraft:amethyst_shard":1,"iceandfire:lightning_dragon_heart":1,"minecraft:white_bed":17,"minecraft:red_terracotta":4,"minecraft:spider_eye":1,"iceandfire:dragonscales_copper":22,"minecraft:slime_ball":7,"minecraft:diamond":7,"minecraft:deepslate":6,"minecraft:bread":1,"mowziesmobs:umvuthana_mask_fear":9,"minecraft:terracotta":14,"minecraft:melon_seeds":4,"minecraft:dark_oak_fence":1,"minecraft:bricks":1,"minecraft:coal":12},"minecraft:broken":{"mowziesmobs:umvuthana_mask_fear":2,"minecraft:iron_chestplate":1,"mowziesmobs:umvuthana_mask_rage":1,"moonsweaponry:iron_hammer":1,"spartanshields:wooden_basic_shield":1,"minecraft:stone_axe":1,"spartanshields:iron_basic_shield":1,"moonsweaponry:stone_scythe":3}},"DataVersion":3465}