{"stats":{"minecraft:crafted":{"spartanshields:iron_basic_shield":5,"mowziesmobs:umvuthana_mask_bliss":1,"minecraft:chest":6,"moonsweaponry:stone_hammer":1,"moonsweaponry:iron_hammer":3,"moonsweaponry:stone_mace":3,"sophisticatedbackpacks:backpack":2,"minecraft:crafting_table":3,"gamma_beasts:sugarcane":23,"minecraft:wooden_pickaxe":1,"minecraft:iron_helmet":1,"minecraft:gold_block":20,"iceandfire:armor_copper_chestplate":1,"minecraft:iron_chestplate":1,"minecraft:diamond_pickaxe":1,"minecraft:stick":20,"minecraft:iron_ingot":36,"minecraft:iron_block":19,"minecraft:gold_ingot":98,"spartanshields:wooden_basic_shield":5,"minecraft:furnace":1,"minecraft:leather":5,"minecraft:stone_pickaxe":1,"moonsweaponry:stone_warglaive":1,"minecraft:bucket":2,"minecraft:stone_axe":2,"minecraft:air":0,"moonsweaponry:stone_scythe":3,"moonsweaponry:iron_mace":1,"minecraft:white_bed":3,"minecraft:acacia_planks":116},"minecraft:killed":{"minecraft:cave_spider":1,"minecraft:spider":3,"undead_revamp2:axestrom":1,"undead_revamp2:theswarmer":1,"minecraft:skeleton":24,"gamma_beasts:shecko_a":1,"mowziesmobs:umvuthana_crane":54,"realmrpg_demons:chort":8,"undead_revamp2:thepregnant":1,"gamma_beasts:diamond_golem_c":2,"minecraft:pig":6,"minecraft:creeper":1,"minecraft:sheep":18,"minecraft:pillager":30,"gamma_beasts:banndu_c":1,"minecraft:zombie":18,"alexsmobs:terrapin":1,"cataclysm:deepling":1,"gamma_beasts:shecko_c":1,"undead_revamp2:theskeeper":1,"iceandfire:lightning_dragon":1,"mowziesmobs:umvuthana_raptor":1,"iceandfire:sea_serpent":1,"minecraft:cow":5,"mowziesmobs:naga":1,"undead_revamp2:thehunter":1,"minecraft:vindicator":2,"undead_revamp2:bomber":1,"iceandfire:fire_dragon":1,"undead_revamp2:thebidy":5,"minecraft:drowned":7,"iceandfire:deathworm":4,"undead_revamp2:sucker":1,"mowziesmobs:umvuthana":72,"iceandfire:hippocampus":3,"undead_revamp2:the_moonflower":7,"mowziesmobs:umvuthana_follower_raptor":4,"gamma_beasts:diamond_golem_a":2,"alexsmobs:catfish":1,"undead_revamp2:thesomnolence":7,"iceandfire:ghost":3,"minecraft:enderman":2},"minecraft:killed_by":{"undead_revamp2:theskeeper":1,"undead_revamp2:the_moonflower":3,"minecraft:pillager":6,"gamma_beasts:banndu_a":12,"iceandfire:sea_serpent":2,"mowziesmobs:umvuthi":30,"cataclysm:deepling":1,"mowziesmobs:umvuthana":5,"minecraft:zombie":2,"undead_revamp2:thesmoker":1,"gamma_beasts:diamond_golem_a":7,"undead_revamp2:thepregnant":1,"undead_revamp2:theheavy":1,"iceandfire:fire_dragon":16,"realmrpg_demons:chort":1,"undead_revamp2:thesomnolence":5,"undead_revamp2:theswarmer":1,"minecraft:skeleton":9,"iceandfire:lightning_dragon":15,"iceandfire:ghost":1,"undead_revamp2:thebeartamer":1},"minecraft:dropped":{"minecraft:glass_bottle":1,"gamma_beasts:acacia_leaf":3,"mowziesmobs:umvuthana_mask_faith":2,"minecraft:dirt":5,"mowziesmobs:umvuthana_mask_bliss":1,"minecraft:chain":1,"undead_revamp2:blacpetalblock":1,"moonsweaponry:iron_hammer":1,"minecraft:bone":4,"minecraft:dark_oak_door":1,"minecraft:cobbled_deepslate":1,"alexscaves:cave_tablet":1,"minecraft:wheat":1,"minecraft:rotten_flesh":12,"gamma_beasts:kiwi":2,"minecraft:azure_bluet":3,"iceandfire:crackled_gravel":5,"minecraft:poppy":58,"minecraft:melon_seeds":8,"minecraft:arrow":3,"minecraft:egg":2,"farmersdelight:tomato_seeds":1,"minecraft:wheat_seeds":8,"gamma_beasts:oak_leaf":2,"gamma_beasts:coal_nugget":2,"minecraft:feather":7,"moonsweaponry:stone_hammer":1,"minecraft:stick":4,"minecraft:oxeye_daisy":1,"minecraft:cobweb":3,"biomesoplenty:orange_sand":5,"iceandfire:lightning_lily":4,"minecraft:rose_bush":13,"minecraft:brown_terracotta":3,"minecraft:cactus":6,"minecraft:dandelion":2,"minecraft:redstone":4,"alexsmobs:acacia_blossom":8,"minecraft:deepslate":6,"minecraft:white_terracotta":3,"minecraft:red_terracotta":2,"minecraft:filled_map":2,"minecraft:orange_terracotta":2,"minecraft:yellow_bed":1,"minecraft:spider_eye":1,"biomesoplenty:orange_sandstone":1,"minecraft:slime_ball":1,"minecraft:red_sand":1,"minecraft:wooden_pickaxe":1,"farmersdelight:tomato":1,"minecraft:terracotta":10},"minecraft:mined":{"minecraft:white_bed":38,"iceandfire:copper_pile":20,"minecraft:acacia_log":93,"minecraft:stripped_crimson_hyphae":1,"minecraft:grass_block":6,"minecraft:mangrove_fence":1,"biomesoplenty:dried_salt":1,"minecraft:frosted_ice":20,"minecraft:spawner":19,"minecraft:iron_ore":10,"minecraft:fire":24,"iceandfire:gold_pile":72,"biomesoplenty:webbing":7,"gamma_beasts:red_maple_leaves":11,"biomesoplenty:wildflower":1,"minecraft:poppy":3,"minecraft:chest":13,"minecraft:dead_bush":1,"minecraft:cobblestone":2,"minecraft:sugar_cane":68,"minecraft:oak_planks":1,"minecraft:bricks":1,"minecraft:skeleton_skull":1,"minecraft:grass":56,"minecraft:sand":5,"minecraft:dirt":37,"gamma_beasts:red_maple_log":125,"minecraft:oak_leaves":16,"minecraft:stripped_mangrove_log":2,"biomesoplenty:desert_grass":1,"minecraft:dark_oak_log":13,"minecraft:dark_oak_fence":1,"biomesoplenty:dune_grass":2,"minecraft:large_fern":1,"minecraft:furnace":3,"gamma_beasts:prehnite_ore":2,"minecraft:suspicious_sand":1,"gamma_beasts:acacia_hoja":33,"minecraft:vine":1,"minecraft:stripped_oak_log":1,"biomesoplenty:spider_egg":2,"minecraft:stone":53,"minecraft:bone_block":52,"minecraft:acacia_leaves":1,"biomesoplenty:orange_sand":11,"minecraft:crafting_table":18,"gamma_beasts:acacia_hoja_1":4,"minecraft:rose_bush":2,"minecraft:tall_grass":4,"farmersdelight:wild_tomatoes":1,"minecraft:birch_planks":1,"minecraft:coarse_dirt":6,"minecraft:yellow_bed":11,"minecraft:coal_ore":5,"minecraft:cobweb":1},"minecraft:custom":{"minecraft:interact_with_crafting_table":35,"minecraft:open_barrel":29,"minecraft:leave_game":15,"minecraft:time_since_death":33851,"minecraft:damage_resisted":78,"minecraft:sprint_one_cm":1274850,"minecraft:damage_blocked_by_shield":5379,"minecraft:drop":101,"minecraft:play_time":358316,"minecraft:deaths":130,"minecraft:jump":8172,"minecraft:walk_on_water_one_cm":118072,"minecraft:interact_with_furnace":7,"minecraft:interact_with_loom":8,"minecraft:sleep_in_bed":30,"minecraft:damage_dealt":71248,"minecraft:crouch_one_cm":38163,"minecraft:inspect_dispenser":2,"minecraft:mob_kills":333,"minecraft:damage_dealt_resisted":1270,"minecraft:climb_one_cm":4706,"minecraft:walk_one_cm":771103,"minecraft:damage_dealt_absorbed":80,"minecraft:sneak_time":16000,"minecraft:walk_under_water_one_cm":113277,"minecraft:total_world_time":358316,"spartanshields:shield_bash_hits":6,"minecraft:interact_with_grindstone":1,"minecraft:time_since_rest":9460,"minecraft:damage_taken":39110,"minecraft:damage_absorbed":80,"minecraft:trigger_trapped_chest":3,"minecraft:swim_one_cm":272783,"minecraft:fly_one_cm":1652216,"minecraft:open_chest":80,"minecraft:fall_one_cm":256018},"minecraft:used":{"mowziesmobs:umvuthana_mask_fear":3,"minecraft:poppy":3,"minecraft:chest":5,"moonsweaponry:iron_hammer":429,"minecraft:rotten_flesh":36,"minecraft:iron_chestplate":2,"moonsweaponry:iron_mace":225,"mowziesmobs:umvuthana_mask_bliss":1,"minecraft:bricks":1,"mowziesmobs:umvuthana_mask_faith":2,"minecraft:iron_helmet":1,"mowziesmobs:umvuthana_mask_rage":1,"spartanshields:iron_basic_shield":255,"minecraft:furnace":1,"gamma_beasts:sugarcane":20,"minecraft:egg":1,"minecraft:stone_pickaxe":76,"minecraft:wooden_pickaxe":6,"minecraft:golden_apple":2,"minecraft:sand":1,"moonsweaponry:stone_hammer":123,"gamma_beasts:kiwi":61,"minecraft:bread":18,"minecraft:string":1,"minecraft:red_terracotta":2,"minecraft:gravel":1,"moonsweaponry:stone_mace":56,"minecraft:acacia_log":1,"mowziesmobs:umvuthana_mask_misery":1,"minecraft:cooked_chicken":13,"minecraft:dirt":29,"biomesoplenty:orange_sand":11,"minecraft:iron_boots":1,"minecraft:beef":6,"moonsweaponry:stone_scythe":396,"minecraft:acacia_planks":9,"minecraft:iron_leggings":2,"minecraft:water_bucket":91,"moonsweaponry:stone_warglaive":50,"spartanshields:wooden_basic_shield":110,"minecraft:terracotta":4,"minecraft:crafting_table":17,"minecraft:white_bed":42,"biomesoplenty:wildflower":1,"minecraft:diamond_pickaxe":176,"minecraft:stone_axe":179,"minecraft:cobblestone":40,"minecraft:stripped_crimson_hyphae":1,"minecraft:porkchop":3,"minecraft:bucket":93,"minecraft:yellow_bed":11,"gamma_beasts:meat":1,"minecraft:stripped_oak_log":1},"minecraft:broken":{"mowziesmobs:umvuthana_mask_fear":2,"minecraft:iron_chestplate":1,"mowziesmobs:umvuthana_mask_rage":1,"moonsweaponry:iron_hammer":1,"spartanshields:wooden_basic_shield":1,"minecraft:stone_axe":2,"spartanshields:iron_basic_shield":1,"moonsweaponry:stone_scythe":3},"minecraft:picked_up":{"iceandfire:deathworm_egg":2,"minecraft:wheat":8,"gamma_beasts:fur":9,"iceandfire:manuscript":7,"minecraft:string":13,"minecraft:red_sand":1,"minecraft:gold_nugget":696,"minecraft:cobbled_deepslate":1,"minecraft:rose_bush":15,"minecraft:furnace":3,"minecraft:dark_oak_door":1,"moonsweaponry:iron_hammer":1,"minecraft:stick":36,"minecraft:brown_terracotta":3,"minecraft:acacia_log":80,"minecraft:porkchop":10,"iceandfire:lightning_dragon_flesh":1,"iceandfire:crackled_gravel":5,"iceandfire:lightning_lily":4,"minecraft:cactus":6,"minecraft:rotten_flesh":60,"gamma_beasts:kiwi":67,"iceandfire:deathworm_chitin_yellow":2,"iceandfire:fire_dragon_heart":1,"gamma_beasts:coal_nugget":2,"minecraft:white_terracotta":3,"minecraft:cobblestone":142,"minecraft:feather":110,"gamma_beasts:prehnite":2,"minecraft:flint":5,"gamma_beasts:oak_leaf":2,"farmersdelight:tomato":1,"minecraft:dirt":43,"minecraft:bone":54,"undead_revamp2:blacpetalblock":1,"minecraft:wheat_seeds":11,"minecraft:oak_planks":1,"minecraft:sand":4,"iceandfire:shiny_scales":10,"iceandfire:dragon_skull_fire":1,"iceandfire:lightning_dragon_heart":1,"minecraft:dark_oak_log":5,"minecraft:red_terracotta":4,"minecraft:diamond":7,"minecraft:deepslate":6,"minecraft:emerald":1,"minecraft:bread":1,"minecraft:dark_oak_fence":1,"minecraft:bricks":1,"iceandfire:dragon_skull_lightning":3,"minecraft:crafting_table":18,"minecraft:azure_bluet":3,"minecraft:chain":2,"gamma_beasts:acacia_leaf":3,"minecraft:beef":11,"gamma_beasts:red_maple_log":44,"immersive_melodies:trumpet":1,"minecraft:poppy":90,"biomesoplenty:wildflower":1,"minecraft:sugar_cane":144,"minecraft:chest":13,"minecraft:egg":3,"minecraft:stripped_crimson_hyphae":1,"minecraft:raw_iron":10,"iceandfire:dragonbone":60,"iceandfire:dragonscales_green":24,"minecraft:copper_ingot":10,"farmersdelight:tomato_seeds":1,"iceandfire:deathworm_chitin_white":13,"minecraft:redstone":4,"mowziesmobs:umvuthana_mask_faith":8,"minecraft:arrow":30,"iceandfire:sea_serpent_scales_purple":14,"biomesoplenty:orange_sandstone":1,"mowziesmobs:umvuthana_mask_bliss":11,"sophisticatedbackpacks:copper_backpack":1,"biomesoplenty:orange_sand":16,"minecraft:bone_block":51,"minecraft:mutton":27,"minecraft:skeleton_skull":1,"minecraft:white_wool":18,"minecraft:oxeye_daisy":1,"minecraft:stripped_oak_log":1,"iceandfire:sea_serpent_fang":7,"minecraft:leather":5,"alexsmobs:acacia_blossom":8,"minecraft:birch_planks":1,"gamma_beasts:green_apple":3,"minecraft:yellow_bed":12,"iceandfire:armor_copper_metal_helmet":2,"minecraft:orange_terracotta":2,"mowziesmobs:umvuthana_mask_rage":3,"minecraft:apple":2,"gamma_beasts:meat":3,"minecraft:cobweb":3,"minecraft:glass_bottle":1,"mowziesmobs:umvuthana_mask_misery":9,"iceandfire:fire_dragon_flesh":1,"minecraft:acacia_sapling":38,"iceandfire:copper_nugget":244,"minecraft:dandelion":2,"minecraft:gravel":1,"minecraft:amethyst_shard":1,"minecraft:white_bed":39,"minecraft:spider_eye":1,"gamma_beasts:red_maple_sapling":1,"iceandfire:dragonscales_copper":22,"minecraft:slime_ball":7,"gamma_beasts:salmon_steak":2,"mowziesmobs:umvuthana_mask_fear":9,"minecraft:terracotta":14,"minecraft:melon_seeds":4,"minecraft:coal":12}},"DataVersion":3465}