{"stats":{"minecraft:crafted":{"minecraft:furnace":1,"spartanshields:iron_basic_shield":4,"mowziesmobs:umvuthana_mask_bliss":1,"minecraft:leather":5,"minecraft:stone_pickaxe":1,"moonsweaponry:stone_warglaive":1,"minecraft:chest":6,"moonsweaponry:stone_hammer":1,"moonsweaponry:iron_hammer":3,"moonsweaponry:stone_mace":3,"sophisticatedbackpacks:backpack":2,"minecraft:crafting_table":2,"gamma_beasts:sugarcane":17,"minecraft:wooden_pickaxe":1,"minecraft:iron_helmet":1,"minecraft:gold_block":10,"minecraft:bucket":2,"minecraft:stone_axe":2,"minecraft:air":0,"moonsweaponry:stone_scythe":3,"iceandfire:armor_copper_chestplate":1,"minecraft:iron_chestplate":1,"minecraft:diamond_pickaxe":1,"minecraft:stick":20,"minecraft:iron_ingot":30,"moonsweaponry:iron_mace":1,"minecraft:iron_block":19,"minecraft:gold_ingot":95,"spartanshields:wooden_basic_shield":5,"minecraft:white_bed":2,"minecraft:acacia_planks":104},"minecraft:killed":{"minecraft:cave_spider":1,"undead_revamp2:thehunter":1,"minecraft:spider":3,"undead_revamp2:axestrom":1,"undead_revamp2:bomber":1,"undead_revamp2:theswarmer":1,"minecraft:skeleton":24,"mowziesmobs:umvuthana_crane":54,"realmrpg_demons:chort":6,"undead_revamp2:thebidy":5,"minecraft:drowned":7,"undead_revamp2:thepregnant":1,"undead_revamp2:sucker":1,"gamma_beasts:diamond_golem_c":2,"mowziesmobs:umvuthana":72,"minecraft:pig":6,"undead_revamp2:the_moonflower":6,"minecraft:creeper":1,"minecraft:sheep":18,"gamma_beasts:diamond_golem_a":2,"alexsmobs:catfish":1,"minecraft:pillager":22,"gamma_beasts:banndu_c":1,"undead_revamp2:thesomnolence":7,"minecraft:zombie":18,"iceandfire:ghost":2,"alexsmobs:terrapin":1,"undead_revamp2:theskeeper":1,"iceandfire:lightning_dragon":1,"minecraft:enderman":1,"minecraft:cow":5},"minecraft:killed_by":{"undead_revamp2:theskeeper":1,"undead_revamp2:the_moonflower":3,"realmrpg_demons:chort":1,"minecraft:pillager":6,"gamma_beasts:banndu_a":12,"undead_revamp2:thesomnolence":5,"undead_revamp2:theswarmer":1,"mowziesmobs:umvuthi":30,"mowziesmobs:umvuthana":5,"minecraft:skeleton":9,"iceandfire:lightning_dragon":15,"minecraft:zombie":2,"undead_revamp2:thesmoker":1,"iceandfire:ghost":1,"gamma_beasts:diamond_golem_a":7,"undead_revamp2:thepregnant":1,"undead_revamp2:theheavy":1,"undead_revamp2:thebeartamer":1,"iceandfire:fire_dragon":5},"minecraft:dropped":{"minecraft:wheat_seeds":5,"gamma_beasts:oak_leaf":2,"minecraft:glass_bottle":1,"gamma_beasts:coal_nugget":2,"gamma_beasts:acacia_leaf":3,"mowziesmobs:umvuthana_mask_faith":2,"minecraft:feather":5,"moonsweaponry:stone_hammer":1,"minecraft:stick":4,"minecraft:oxeye_daisy":1,"minecraft:dirt":1,"mowziesmobs:umvuthana_mask_bliss":1,"minecraft:rose_bush":11,"minecraft:brown_terracotta":3,"undead_revamp2:blacpetalblock":1,"minecraft:dandelion":2,"minecraft:redstone":4,"minecraft:bone":4,"minecraft:dark_oak_door":1,"alexsmobs:acacia_blossom":8,"minecraft:cobbled_deepslate":1,"minecraft:deepslate":6,"minecraft:wheat":1,"minecraft:rotten_flesh":12,"gamma_beasts:kiwi":2,"minecraft:white_terracotta":3,"minecraft:azure_bluet":3,"iceandfire:crackled_gravel":5,"minecraft:red_terracotta":2,"minecraft:filled_map":2,"minecraft:poppy":46,"minecraft:orange_terracotta":2,"minecraft:melon_seeds":8,"minecraft:yellow_bed":1,"minecraft:spider_eye":1,"biomesoplenty:orange_sandstone":1,"minecraft:slime_ball":1,"minecraft:arrow":3,"minecraft:red_sand":1,"minecraft:wooden_pickaxe":1,"minecraft:egg":2,"minecraft:terracotta":10},"minecraft:mined":{"minecraft:white_bed":21,"minecraft:stripped_mangrove_log":2,"iceandfire:copper_pile":20,"biomesoplenty:desert_grass":1,"minecraft:dark_oak_fence":1,"minecraft:acacia_log":90,"minecraft:grass_block":6,"minecraft:mangrove_fence":1,"biomesoplenty:dried_salt":1,"biomesoplenty:dune_grass":2,"minecraft:spawner":18,"minecraft:large_fern":1,"minecraft:furnace":3,"minecraft:iron_ore":10,"minecraft:fire":8,"minecraft:suspicious_sand":1,"gamma_beasts:acacia_hoja":33,"iceandfire:gold_pile":67,"minecraft:stripped_oak_log":1,"minecraft:stone":53,"biomesoplenty:spider_egg":1,"gamma_beasts:acacia_hoja_1":4,"minecraft:crafting_table":14,"minecraft:poppy":2,"minecraft:chest":11,"minecraft:rose_bush":2,"minecraft:tall_grass":2,"minecraft:cobblestone":1,"minecraft:bricks":1,"minecraft:sugar_cane":16,"minecraft:skeleton_skull":1,"minecraft:birch_planks":1,"minecraft:coarse_dirt":6,"minecraft:yellow_bed":11,"minecraft:grass":55,"minecraft:coal_ore":5,"minecraft:sand":5,"minecraft:dirt":6,"minecraft:cobweb":1,"gamma_beasts:red_maple_log":81,"minecraft:oak_leaves":16},"minecraft:custom":{"minecraft:mob_kills":297,"minecraft:interact_with_crafting_table":32,"minecraft:open_barrel":16,"minecraft:damage_dealt_resisted":1238,"minecraft:leave_game":13,"minecraft:time_since_death":5007,"minecraft:climb_one_cm":3774,"minecraft:damage_resisted":78,"minecraft:sprint_one_cm":864755,"minecraft:walk_one_cm":596102,"minecraft:damage_blocked_by_shield":3825,"minecraft:drop":77,"minecraft:damage_dealt_absorbed":80,"minecraft:play_time":242503,"minecraft:deaths":114,"minecraft:sneak_time":6491,"minecraft:walk_under_water_one_cm":70954,"minecraft:jump":5840,"minecraft:walk_on_water_one_cm":81207,"minecraft:total_world_time":242503,"minecraft:interact_with_furnace":7,"spartanshields:shield_bash_hits":6,"minecraft:sleep_in_bed":23,"minecraft:time_since_rest":5034,"minecraft:damage_absorbed":80,"minecraft:damage_taken":33908,"minecraft:trigger_trapped_chest":2,"minecraft:damage_dealt":60306,"minecraft:swim_one_cm":152836,"minecraft:fly_one_cm":1110787,"minecraft:open_chest":73,"minecraft:crouch_one_cm":16741,"minecraft:fall_one_cm":185975,"minecraft:inspect_dispenser":2},"minecraft:used":{"minecraft:acacia_log":1,"mowziesmobs:umvuthana_mask_misery":1,"mowziesmobs:umvuthana_mask_fear":3,"minecraft:poppy":1,"minecraft:chest":5,"moonsweaponry:iron_hammer":262,"minecraft:cooked_chicken":9,"minecraft:rotten_flesh":23,"minecraft:iron_chestplate":2,"moonsweaponry:iron_mace":225,"mowziesmobs:umvuthana_mask_bliss":1,"minecraft:dirt":1,"minecraft:bricks":1,"mowziesmobs:umvuthana_mask_faith":2,"minecraft:iron_helmet":1,"minecraft:iron_boots":1,"mowziesmobs:umvuthana_mask_rage":1,"minecraft:beef":6,"spartanshields:iron_basic_shield":196,"gamma_beasts:sugarcane":4,"minecraft:furnace":1,"minecraft:egg":1,"moonsweaponry:stone_scythe":396,"minecraft:acacia_planks":9,"minecraft:iron_leggings":1,"minecraft:water_bucket":40,"moonsweaponry:stone_warglaive":50,"spartanshields:wooden_basic_shield":110,"minecraft:stone_pickaxe":76,"minecraft:wooden_pickaxe":6,"minecraft:sand":1,"minecraft:golden_apple":2,"minecraft:terracotta":4,"minecraft:crafting_table":15,"minecraft:white_bed":24,"moonsweaponry:stone_hammer":123,"gamma_beasts:kiwi":61,"minecraft:diamond_pickaxe":114,"minecraft:string":1,"minecraft:bread":18,"minecraft:red_terracotta":2,"minecraft:gravel":1,"minecraft:stone_axe":103,"minecraft:cobblestone":18,"minecraft:porkchop":3,"minecraft:bucket":41,"minecraft:yellow_bed":11,"gamma_beasts:meat":1,"minecraft:stripped_oak_log":1,"moonsweaponry:stone_mace":56},"minecraft:broken":{"mowziesmobs:umvuthana_mask_fear":2,"minecraft:iron_chestplate":1,"mowziesmobs:umvuthana_mask_rage":1,"moonsweaponry:iron_hammer":1,"spartanshields:wooden_basic_shield":1,"minecraft:stone_axe":1,"spartanshields:iron_basic_shield":1,"moonsweaponry:stone_scythe":3},"minecraft:picked_up":{"iceandfire:dragon_skull_lightning":3,"minecraft:crafting_table":14,"minecraft:wheat":8,"minecraft:azure_bluet":3,"gamma_beasts:fur":8,"minecraft:chain":1,"iceandfire:manuscript":2,"minecraft:string":13,"gamma_beasts:acacia_leaf":3,"minecraft:red_sand":1,"minecraft:gold_nugget":666,"minecraft:cobbled_deepslate":1,"minecraft:beef":11,"minecraft:rose_bush":13,"immersive_melodies:trumpet":1,"minecraft:poppy":76,"minecraft:sugar_cane":36,"minecraft:chest":11,"minecraft:furnace":3,"minecraft:egg":3,"minecraft:dark_oak_door":1,"minecraft:raw_iron":10,"minecraft:stick":36,"iceandfire:dragonbone":49,"minecraft:brown_terracotta":3,"minecraft:copper_ingot":10,"minecraft:acacia_log":77,"minecraft:porkchop":10,"iceandfire:lightning_dragon_flesh":1,"iceandfire:crackled_gravel":5,"minecraft:redstone":4,"mowziesmobs:umvuthana_mask_faith":8,"minecraft:arrow":30,"minecraft:rotten_flesh":59,"biomesoplenty:orange_sandstone":1,"gamma_beasts:kiwi":67,"mowziesmobs:umvuthana_mask_bliss":11,"gamma_beasts:coal_nugget":2,"sophisticatedbackpacks:copper_backpack":1,"minecraft:white_terracotta":3,"minecraft:skeleton_skull":1,"minecraft:mutton":27,"minecraft:white_wool":18,"minecraft:cobblestone":141,"minecraft:oxeye_daisy":1,"minecraft:stripped_oak_log":1,"minecraft:feather":108,"minecraft:leather":5,"alexsmobs:acacia_blossom":8,"minecraft:birch_planks":1,"minecraft:flint":5,"gamma_beasts:green_apple":3,"gamma_beasts:oak_leaf":2,"minecraft:yellow_bed":12,"iceandfire:armor_copper_metal_helmet":2,"minecraft:dirt":11,"minecraft:orange_terracotta":2,"minecraft:bone":54,"minecraft:apple":1,"undead_revamp2:blacpetalblock":1,"mowziesmobs:umvuthana_mask_rage":3,"minecraft:wheat_seeds":9,"gamma_beasts:meat":3,"minecraft:cobweb":3,"minecraft:glass_bottle":1,"minecraft:acacia_sapling":38,"mowziesmobs:umvuthana_mask_misery":9,"iceandfire:copper_nugget":244,"minecraft:sand":1,"minecraft:dandelion":2,"minecraft:gravel":1,"minecraft:amethyst_shard":1,"minecraft:white_bed":22,"iceandfire:lightning_dragon_heart":1,"minecraft:red_terracotta":4,"minecraft:spider_eye":1,"iceandfire:dragonscales_copper":22,"minecraft:slime_ball":7,"minecraft:diamond":7,"minecraft:deepslate":6,"minecraft:bread":1,"mowziesmobs:umvuthana_mask_fear":9,"minecraft:terracotta":14,"minecraft:melon_seeds":4,"minecraft:dark_oak_fence":1,"minecraft:bricks":1,"minecraft:coal":12}},"DataVersion":3465}