{"stats":{"minecraft:mined":{"minecraft:grass":3,"minecraft:oak_log":3,"minecraft:oak_leaves":9},"minecraft:custom":{"minecraft:time_since_rest":1634,"minecraft:crouch_one_cm":137,"minecraft:play_time":7493,"minecraft:sprint_one_cm":29662,"minecraft:walk_one_cm":12286,"minecraft:damage_taken":475,"minecraft:deaths":2,"minecraft:sneak_time":75,"minecraft:walk_under_water_one_cm":162,"minecraft:drop":6,"minecraft:jump":264,"minecraft:damage_dealt":120,"minecraft:time_since_death":1604,"minecraft:walk_on_water_one_cm":124,"minecraft:total_world_time":7493,"minecraft:interact_with_crafting_table":1,"minecraft:swim_one_cm":465,"minecraft:fall_one_cm":8474,"minecraft:fly_one_cm":85940},"minecraft:crafted":{"minecraft:oak_boat":1,"minecraft:oak_planks":12,"minecraft:crafting_table":1,"minecraft:stick":4},"minecraft:picked_up":{"minecraft:rotten_flesh":2,"alexsmobs:emu_egg":1,"minecraft:oak_log":3,"minecraft:oak_sapling":6,"minecraft:egg":2},"minecraft:dropped":{"minecraft:oak_sapling":6},"minecraft:used":{"alexsmobs:emu_egg":1,"minecraft:crafting_table":1,"minecraft:egg":2},"minecraft:killed_by":{"alexsmobs:emu":1,"undead_revamp2:therod":1}},"DataVersion":3465}