{"stats":{"minecraft:mined":{"iceandfire:silver_ore":1,"minecraft:glow_lichen":1,"minecraft:granite":1,"biomesoplenty:bush":2,"minecraft:grass_block":1,"iceandfire:ghost_chest":2,"minecraft:wall_torch":1,"minecraft:iron_ore":36,"biomesoplenty:lavender":1,"gamma_beasts:prehnite_ore":4,"minecraft:grass":3,"minecraft:oak_log":10,"minecraft:coal_ore":1,"minecraft:vine":1,"minecraft:stone":24,"create:veridium":1,"minecraft:oak_leaves":11},"minecraft:custom":{"minecraft:interact_with_furnace":34,"minecraft:traded_with_villager":2,"minecraft:interact_with_crafting_table":9,"minecraft:leave_game":1,"minecraft:time_since_death":37318,"minecraft:sleep_in_bed":1,"minecraft:climb_one_cm":775,"minecraft:time_since_rest":25741,"minecraft:sprint_one_cm":169023,"minecraft:damage_taken":570,"minecraft:walk_one_cm":67717,"minecraft:drop":41,"minecraft:damage_dealt":120,"minecraft:swim_one_cm":6471,"minecraft:talked_to_villager":4,"minecraft:fly_one_cm":244279,"minecraft:open_chest":23,"minecraft:crouch_one_cm":7050,"minecraft:play_time":43207,"minecraft:deaths":2,"minecraft:sneak_time":2009,"minecraft:walk_under_water_one_cm":3932,"minecraft:boat_one_cm":92023,"minecraft:jump":952,"minecraft:walk_on_water_one_cm":11824,"minecraft:interact_with_smoker":2,"minecraft:total_world_time":43207,"minecraft:fall_one_cm":31375},"minecraft:crafted":{"minecraft:oak_planks":36,"minecraft:crafting_table":3,"minecraft:iron_helmet":1,"moonsweaponry:iron_greatsword":1,"minecraft:bucket":1,"minecraft:enchanted_book":2,"minecraft:air":0,"minecraft:oak_boat":1,"minecraft:iron_chestplate":1,"minecraft:stick":12,"minecraft:iron_ingot":35,"minecraft:iron_pickaxe":1,"minecraft:iron_leggings":1,"minecraft:torch":16},"minecraft:picked_up":{"biomesoplenty:lavender":5,"gamma_beasts:prehnite":4,"minecraft:enchanted_book":2,"minecraft:chainmail_chestplate":2,"minecraft:oak_log":10,"minecraft:chain":1,"iceandfire:ectoplasm":3,"minecraft:bone":15,"minecraft:iron_ingot":3,"minecraft:cobweb":25,"minecraft:oak_boat":1,"minecraft:acacia_sapling":16,"minecraft:iron_boots":1,"minecraft:egg":2,"minecraft:stick":3,"minecraft:raw_iron":35,"iceandfire:ghost_chest":2,"minecraft:copper_ingot":1,"minecraft:torch":2,"minecraft:dandelion":1,"minecraft:porkchop":8,"minecraft:ink_sac":3,"iceandfire:silver_ingot":4,"minecraft:rotten_flesh":10,"minecraft:granite":2,"alexsmobs:emu_egg":1,"create:veridium":1,"minecraft:oak_sapling":8,"minecraft:cod":4,"minecraft:skeleton_skull":2,"minecraft:cobblestone":24},"minecraft:dropped":{"minecraft:porkchop":6,"minecraft:wheat_seeds":1,"minecraft:bowl":1,"minecraft:wheat":2,"biomesoplenty:lavender":5,"minecraft:rotten_flesh":8,"minecraft:oak_planks":6,"minecraft:granite":2,"minecraft:chainmail_chestplate":3,"minecraft:cobweb":17,"create:veridium":1,"minecraft:ink_sac":3,"minecraft:skeleton_skull":1,"minecraft:oak_sapling":8,"minecraft:acacia_sapling":8,"minecraft:chest":1,"minecraft:gold_nugget":6,"minecraft:dandelion":1},"minecraft:used":{"alexsmobs:emu_egg":1,"minecraft:oak_planks":1,"minecraft:torch":11,"minecraft:spyglass":3,"minecraft:crafting_table":3,"minecraft:chainmail_chestplate":1,"minecraft:bread":7,"minecraft:iron_pickaxe":69,"iceandfire:ghost_chest":2,"minecraft:fishing_rod":2,"minecraft:cobblestone":1,"minecraft:bucket":3,"minecraft:oak_boat":1,"minecraft:egg":2,"minecraft:cobweb":8,"minecraft:beetroot_soup":1},"minecraft:killed_by":{"undead_revamp2:therod":1,"alexsmobs:emu":1}},"DataVersion":3465}