{"stats":{"minecraft:mined":{"iceandfire:silver_ore":1,"minecraft:glow_lichen":1,"minecraft:granite":1,"biomesoplenty:bush":2,"minecraft:grass_block":1,"iceandfire:ghost_chest":2,"minecraft:chest":1,"minecraft:wall_torch":1,"minecraft:iron_ore":36,"biomesoplenty:lavender":1,"gamma_beasts:prehnite_ore":4,"minecraft:grass":3,"minecraft:oak_log":10,"minecraft:coal_ore":1,"minecraft:vine":1,"minecraft:stone":24,"create:veridium":1,"minecraft:oak_leaves":12},"minecraft:custom":{"minecraft:interact_with_furnace":37,"minecraft:mob_kills":10,"minecraft:traded_with_villager":5,"minecraft:interact_with_crafting_table":13,"minecraft:leave_game":1,"minecraft:time_since_death":49318,"minecraft:sleep_in_bed":1,"minecraft:climb_one_cm":1158,"minecraft:time_since_rest":37741,"minecraft:sprint_one_cm":215709,"minecraft:damage_taken":702,"minecraft:walk_one_cm":87239,"minecraft:drop":59,"minecraft:damage_dealt":1829,"minecraft:swim_one_cm":6471,"minecraft:talked_to_villager":7,"minecraft:fly_one_cm":300558,"minecraft:open_chest":26,"minecraft:crouch_one_cm":8591,"minecraft:play_time":55207,"minecraft:deaths":2,"minecraft:sneak_time":2252,"minecraft:walk_under_water_one_cm":3932,"minecraft:boat_one_cm":92023,"minecraft:jump":1258,"minecraft:walk_on_water_one_cm":11824,"minecraft:interact_with_smoker":2,"minecraft:total_world_time":55207,"minecraft:fall_one_cm":39623},"minecraft:crafted":{"minecraft:oak_planks":36,"sophisticatedbackpacks:backpack":1,"minecraft:crafting_table":3,"comforts:sleeping_bag_white":1,"minecraft:iron_helmet":1,"minecraft:iron_sword":3,"moonsweaponry:iron_greatsword":1,"minecraft:bucket":1,"minecraft:enchanted_book":2,"minecraft:air":0,"spartanshields:iron_basic_shield":1,"minecraft:oak_boat":1,"minecraft:iron_chestplate":1,"minecraft:iron_axe":1,"minecraft:stick":12,"minecraft:iron_ingot":35,"minecraft:iron_pickaxe":1,"spartanshields:wooden_basic_shield":1,"minecraft:iron_leggings":1,"minecraft:torch":16},"minecraft:picked_up":{"biomesoplenty:lavender":5,"minecraft:leather":4,"gamma_beasts:prehnite":4,"minecraft:enchanted_book":2,"minecraft:chainmail_chestplate":5,"minecraft:oak_log":10,"minecraft:chain":2,"iceandfire:ectoplasm":3,"minecraft:gunpowder":4,"minecraft:string":5,"minecraft:bone":16,"minecraft:beetroot":3,"minecraft:iron_ingot":3,"minecraft:cobweb":25,"minecraft:oak_boat":1,"minecraft:chest":1,"minecraft:oak_planks":6,"minecraft:acacia_sapling":24,"minecraft:iron_boots":1,"minecraft:egg":2,"minecraft:stick":3,"minecraft:raw_iron":35,"iceandfire:ghost_chest":2,"minecraft:copper_ingot":1,"minecraft:torch":2,"minecraft:dandelion":1,"minecraft:porkchop":8,"minecraft:ink_sac":3,"iceandfire:silver_ingot":4,"minecraft:rotten_flesh":12,"minecraft:granite":2,"minecraft:bread":1,"alexsmobs:emu_egg":1,"create:veridium":1,"minecraft:oak_sapling":8,"minecraft:cod":8,"minecraft:skeleton_skull":3,"minecraft:cobblestone":24},"minecraft:dropped":{"minecraft:iron_sword":3,"minecraft:porkchop":8,"minecraft:wheat_seeds":1,"minecraft:bowl":2,"minecraft:wheat":2,"biomesoplenty:lavender":5,"minecraft:beetroot":3,"minecraft:cobblestone":23,"minecraft:rotten_flesh":10,"minecraft:oak_planks":6,"minecraft:granite":2,"minecraft:shears":1,"minecraft:cod":4,"minecraft:chainmail_chestplate":6,"minecraft:cobweb":17,"minecraft:gunpowder":4,"create:veridium":1,"minecraft:ink_sac":3,"minecraft:torch":7,"minecraft:skeleton_skull":2,"minecraft:oak_sapling":8,"minecraft:acacia_sapling":16,"minecraft:chest":1,"minecraft:chain":1,"minecraft:gold_nugget":6,"minecraft:dandelion":1},"minecraft:used":{"alexsmobs:emu_egg":1,"minecraft:oak_planks":1,"minecraft:torch":11,"minecraft:spyglass":3,"minecraft:crafting_table":3,"minecraft:chainmail_chestplate":1,"minecraft:bread":10,"minecraft:iron_pickaxe":69,"moonsweaponry:iron_greatsword":20,"iceandfire:ghost_chest":2,"minecraft:fishing_rod":2,"minecraft:cobblestone":1,"minecraft:bucket":4,"minecraft:oak_boat":1,"minecraft:egg":2,"minecraft:cobweb":8,"minecraft:beetroot_soup":3},"minecraft:killed_by":{"undead_revamp2:therod":1,"alexsmobs:emu":1},"minecraft:killed":{"graveyard:skeleton_creeper":1,"minecraft:spider":1,"minecraft:skeleton":1,"minecraft:horse":3,"minecraft:zombie":1,"undead_revamp2:thespitter":1,"minecraft:cow":2}},"DataVersion":3465}