{"stats":{"minecraft:mined":{"biomesoplenty:lavender":1,"minecraft:grass":3,"minecraft:oak_log":3,"minecraft:vine":1,"iceandfire:ghost_chest":1,"minecraft:oak_leaves":9},"minecraft:custom":{"minecraft:time_since_rest":2027,"minecraft:sprint_one_cm":82011,"minecraft:damage_taken":534,"minecraft:walk_one_cm":29821,"minecraft:drop":11,"minecraft:damage_dealt":120,"minecraft:talked_to_villager":2,"minecraft:swim_one_cm":708,"minecraft:interact_with_crafting_table":1,"minecraft:fly_one_cm":174211,"minecraft:open_chest":11,"minecraft:crouch_one_cm":372,"minecraft:play_time":19493,"minecraft:sneak_time":144,"minecraft:deaths":2,"minecraft:walk_under_water_one_cm":317,"minecraft:boat_one_cm":92023,"minecraft:jump":571,"minecraft:walk_on_water_one_cm":991,"minecraft:time_since_death":13604,"minecraft:sleep_in_bed":1,"minecraft:climb_one_cm":667,"minecraft:total_world_time":19493,"minecraft:fall_one_cm":19794},"minecraft:crafted":{"minecraft:oak_boat":1,"minecraft:oak_planks":12,"minecraft:crafting_table":1,"minecraft:stick":4},"minecraft:picked_up":{"iceandfire:ghost_chest":1,"minecraft:copper_ingot":1,"minecraft:oak_log":3,"minecraft:chain":1,"minecraft:ink_sac":3,"minecraft:rotten_flesh":2,"minecraft:bone":4,"minecraft:oak_boat":1,"minecraft:cobweb":4,"alexsmobs:emu_egg":1,"minecraft:oak_sapling":6,"minecraft:skeleton_skull":1,"minecraft:iron_boots":1,"minecraft:egg":2},"minecraft:dropped":{"minecraft:wheat_seeds":1,"minecraft:ink_sac":3,"minecraft:oak_sapling":6,"minecraft:chest":1},"minecraft:used":{"alexsmobs:emu_egg":1,"minecraft:bread":4,"iceandfire:ghost_chest":1,"minecraft:fishing_rod":2,"minecraft:spyglass":2,"minecraft:crafting_table":1,"minecraft:chainmail_chestplate":1,"minecraft:oak_boat":1,"minecraft:egg":2},"minecraft:killed_by":{"undead_revamp2:therod":1,"alexsmobs:emu":1}},"DataVersion":3465}